date,product_id,starting_stock,forecast_demand,fulfilled_demand,stockout_qty,ending_stock
2026-01-01,P001,30,7,7,0,23
2026-01-02,P001,23,7,7,0,16
2026-01-03,P001,16,6,6,0,10
2026-01-04,P001,10,5,5,0,5
2026-01-05,P001,5,7,5,2,0
2026-01-06,P001,0,7,0,7,0
2026-01-07,P001,0,8,0,8,0
2026-01-08,P001,0,7,0,7,0
2026-01-09,P001,0,7,0,7,0
2026-01-10,P001,0,6,0,6,0
2026-01-11,P001,0,5,0,5,0
2026-01-12,P001,0,6,0,6,0
2026-01-13,P001,0,6,0,6,0
2026-01-14,P001,0,7,0,7,0
2026-01-01,P002,40,18,18,0,22
2026-01-02,P002,22,23,22,1,0
2026-01-03,P002,0,18,0,18,0
2026-01-04,P002,0,15,0,15,0
2026-01-05,P002,0,19,0,19,0
2026-01-06,P002,0,21,0,21,0
2026-01-07,P002,0,20,0,20,0
2026-01-08,P002,0,18,0,18,0
2026-01-09,P002,0,21,0,21,0
2026-01-10,P002,0,18,0,18,0
2026-01-11,P002,0,16,0,16,0
2026-01-12,P002,0,18,0,18,0
2026-01-13,P002,0,20,0,20,0
2026-01-14,P002,0,20,0,20,0
2026-01-01,P003,35,13,13,0,22
2026-01-02,P003,22,13,13,0,9
2026-01-03,P003,9,11,9,2,0
2026-01-04,P003,0,7,0,7,0
2026-01-05,P003,0,13,0,13,0
2026-01-06,P003,0,11,0,11,0
2026-01-07,P003,0,12,0,12,0
2026-01-08,P003,0,12,0,12,0
2026-01-09,P003,0,12,0,12,0
2026-01-10,P003,0,11,0,11,0
2026-01-11,P003,0,8,0,8,0
2026-01-12,P003,0,12,0,12,0
2026-01-13,P003,0,11,0,11,0
2026-01-14,P003,0,12,0,12,0
2026-01-01,P004,20,5,5,0,15
2026-01-02,P004,15,5,5,0,10
2026-01-03,P004,10,4,4,0,6
2026-01-04,P004,6,4,4,0,2
2026-01-05,P004,2,5,2,3,0
2026-01-06,P004,0,4,0,4,0
2026-01-07,P004,0,5,0,5,0
2026-01-08,P004,0,5,0,5,0
2026-01-09,P004,0,5,0,5,0
2026-01-10,P004,0,4,0,4,0
2026-01-11,P004,0,4,0,4,0
2026-01-12,P004,0,4,0,4,0
2026-01-13,P004,0,4,0,4,0
2026-01-14,P004,0,4,0,4,0
2026-01-01,P005,30,10,10,0,20
2026-01-02,P005,20,10,10,0,10
2026-01-03,P005,10,9,9,0,1
2026-01-04,P005,1,7,1,6,0
2026-01-05,P005,0,10,0,10,0
2026-01-06,P005,0,10,0,10,0
2026-01-07,P005,0,9,0,9,0
2026-01-08,P005,0,9,0,9,0
2026-01-09,P005,0,10,0,10,0
2026-01-10,P005,0,9,0,9,0
2026-01-11,P005,0,8,0,8,0
2026-01-12,P005,0,9,0,9,0
2026-01-13,P005,0,9,0,9,0
2026-01-14,P005,0,9,0,9,0
2026-01-01,P006,15,7,7,0,8
2026-01-02,P006,8,8,8,0,0
2026-01-03,P006,0,6,0,6,0
2026-01-04,P006,0,6,0,6,0
2026-01-05,P006,0,8,0,8,0
2026-01-06,P006,0,8,0,8,0
2026-01-07,P006,0,8,0,8,0
2026-01-08,P006,0,7,0,7,0
2026-01-09,P006,0,8,0,8,0
2026-01-10,P006,0,6,0,6,0
2026-01-11,P006,0,6,0,6,0
2026-01-12,P006,0,7,0,7,0
2026-01-13,P006,0,7,0,7,0
2026-01-14,P006,0,7,0,7,0
2026-01-01,P007,12,3,3,0,9
2026-01-02,P007,9,3,3,0,6
2026-01-03,P007,6,2,2,0,4
2026-01-04,P007,4,2,2,0,2
2026-01-05,P007,2,3,2,1,0
2026-01-06,P007,0,3,0,3,0
2026-01-07,P007,0,3,0,3,0
2026-01-08,P007,0,3,0,3,0
2026-01-09,P007,0,3,0,3,0
2026-01-10,P007,0,2,0,2,0
2026-01-11,P007,0,2,0,2,0
2026-01-12,P007,0,2,0,2,0
2026-01-13,P007,0,3,0,3,0
2026-01-14,P007,0,3,0,3,0
2026-01-01,P008,40,15,15,0,25
2026-01-02,P008,25,16,16,0,9
2026-01-03,P008,9,13,9,4,0
2026-01-04,P008,0,11,0,11,0
2026-01-05,P008,0,14,0,14,0
2026-01-06,P008,0,16,0,16,0
2026-01-07,P008,0,16,0,16,0
2026-01-08,P008,0,15,0,15,0
2026-01-09,P008,0,16,0,16,0
2026-01-10,P008,0,14,0,14,0
2026-01-11,P008,0,11,0,11,0
2026-01-12,P008,0,14,0,14,0
2026-01-13,P008,0,15,0,15,0
2026-01-14,P008,0,15,0,15,0
2026-01-01,P009,25,6,6,0,19
2026-01-02,P009,19,7,7,0,12
2026-01-03,P009,12,6,6,0,6
2026-01-04,P009,6,4,4,0,2
2026-01-05,P009,2,6,2,4,0
2026-01-06,P009,0,7,0,7,0
2026-01-07,P009,0,6,0,6,0
2026-01-08,P009,0,6,0,6,0
2026-01-09,P009,0,6,0,6,0
2026-01-10,P009,0,6,0,6,0
2026-01-11,P009,0,4,0,4,0
2026-01-12,P009,0,6,0,6,0
2026-01-13,P009,0,6,0,6,0
2026-01-14,P009,0,6,0,6,0
2026-01-01,P010,30,12,12,0,18
2026-01-02,P010,18,14,14,0,4
2026-01-03,P010,4,11,4,7,0
2026-01-04,P010,0,9,0,9,0
2026-01-05,P010,0,10,0,10,0
2026-01-06,P010,0,12,0,12,0
2026-01-07,P010,0,15,0,15,0
2026-01-08,P010,0,12,0,12,0
2026-01-09,P010,0,13,0,13,0
2026-01-10,P010,0,11,0,11,0
2026-01-11,P010,0,10,0,10,0
2026-01-12,P010,0,10,0,10,0
2026-01-13,P010,0,11,0,11,0
2026-01-14,P010,0,13,0,13,0
