date,product_id,forecast_demand,forecast_units
2026-01-01,P001,6.92227767383114,7
2026-01-02,P001,6.880886344601997,7
2026-01-03,P001,6.056123390819874,6
2026-01-04,P001,5.219498183533859,5
2026-01-05,P001,6.607964300190192,7
2026-01-06,P001,6.687891868882521,7
2026-01-07,P001,7.534540755318771,8
2026-01-08,P001,6.8017157427918065,7
2026-01-09,P001,6.752034676807201,7
2026-01-10,P001,6.079543887715745,6
2026-01-11,P001,5.3803465838233455,5
2026-01-12,P001,6.327365912125469,6
2026-01-13,P001,6.434850500376912,6
2026-01-14,P001,7.141911472495683,7
2026-01-01,P002,17.65907415072427,18
2026-01-02,P002,22.793279868607023,23
2026-01-03,P002,17.769096672313292,18
2026-01-04,P002,14.979853984936591,15
2026-01-05,P002,19.384322043888897,19
2026-01-06,P002,21.434871602839408,21
2026-01-07,P002,20.477620943919256,20
2026-01-08,P002,17.995409649444408,18
2026-01-09,P002,21.246903638594475,21
2026-01-10,P002,18.083114978439685,18
2026-01-11,P002,15.68159659910641,16
2026-01-12,P002,18.348759898326673,18
2026-01-13,P002,20.168839021862045,20
2026-01-14,P002,19.864399947542974,20
2026-01-01,P003,12.66279826352422,13
2026-01-02,P003,12.668266217174288,13
2026-01-03,P003,11.088088037499169,11
2026-01-04,P003,6.973494375108612,7
2026-01-05,P003,12.759926692781118,13
2026-01-06,P003,10.97298743329726,11
2026-01-07,P003,12.469072261310057,12
2026-01-08,P003,12.336011918649803,12
2026-01-09,P003,12.358078826916227,12
2026-01-10,P003,11.114578117710185,11
2026-01-11,P003,7.73551377172431,8
2026-01-12,P003,11.872406594537129,12
2026-01-13,P003,10.866725995781813,11
2026-01-14,P003,12.019613091289024,12
2026-01-01,P004,4.758993634404316,5
2026-01-02,P004,4.750375603757055,5
2026-01-03,P004,4.101755137548377,4
2026-01-04,P004,3.9820164695668714,4
2026-01-05,P004,4.575190913850156,5
2026-01-06,P004,4.041714857067564,4
2026-01-07,P004,4.603112521353065,5
2026-01-08,P004,4.533544168885848,5
2026-01-09,P004,4.535307386632599,5
2026-01-10,P004,4.119054960643112,4
2026-01-11,P004,3.966030408044485,4
2026-01-12,P004,4.30166126449051,4
2026-01-13,P004,4.01740961548468,4
2026-01-14,P004,4.335477032319897,4
2026-01-01,P005,9.582619664781037,10
2026-01-02,P005,10.423253148821845,10
2026-01-03,P005,9.084401811091668,9
2026-01-04,P005,7.377869592269294,7
2026-01-05,P005,10.051912172409692,10
2026-01-06,P005,9.768594328635375,10
2026-01-07,P005,8.97262441421511,9
2026-01-08,P005,9.27028624182509,9
2026-01-09,P005,9.944467411152512,10
2026-01-10,P005,9.067275837854998,9
2026-01-11,P005,7.655929933906471,8
2026-01-12,P005,9.397968791667322,9
2026-01-13,P005,9.486541150085921,9
2026-01-14,P005,8.907150226739764,9
2026-01-01,P006,6.989608354831111,7
2026-01-02,P006,8.374405014266756,8
2026-01-03,P006,6.2735175046611005,6
2026-01-04,P006,6.044333102912479,6
2026-01-05,P006,7.500720791444377,8
2026-01-06,P006,7.6658778553810425,8
2026-01-07,P006,7.697347120818313,8
2026-01-08,P006,6.944208455474047,7
2026-01-09,P006,7.897165268934921,8
2026-01-10,P006,6.4236018040184275,6
2026-01-11,P006,6.090720640545299,6
2026-01-12,P006,7.132688843326672,7
2026-01-13,P006,7.373327464419394,7
2026-01-14,P006,7.433510523721449,7
2026-01-01,P007,3.3416603399315887,3
2026-01-02,P007,3.416463780072834,3
2026-01-03,P007,2.3359263397113863,2
2026-01-04,P007,2.0961337728971214,2
2026-01-05,P007,2.6312340775914995,3
2026-01-06,P007,2.7587073332505367,3
2026-01-07,P007,2.7635919505069495,3
2026-01-08,P007,2.9440512078179655,3
2026-01-09,P007,3.023827613105123,3
2026-01-10,P007,2.448842754675547,2
2026-01-11,P007,2.189768950085255,2
2026-01-12,P007,2.447334241153385,2
2026-01-13,P007,2.583850020771993,3
2026-01-14,P007,2.605299398897721,3
2026-01-01,P008,14.902463489606973,15
2026-01-02,P008,16.229100472076553,16
2026-01-03,P008,13.334277837885622,13
2026-01-04,P008,10.790118071114971,11
2026-01-05,P008,14.1132762810739,14
2026-01-06,P008,15.903642548200327,16
2026-01-07,P008,15.514645525724998,16
2026-01-08,P008,14.722251696122388,15
2026-01-09,P008,15.606622126899309,16
2026-01-10,P008,13.502593053201103,14
2026-01-11,P008,11.376598167387721,11
2026-01-12,P008,13.524948480209437,14
2026-01-13,P008,15.034886710598656,15
2026-01-14,P008,15.019326283414667,15
2026-01-01,P009,5.905290554971884,6
2026-01-02,P009,6.56820226295164,7
2026-01-03,P009,5.960517150630932,6
2026-01-04,P009,3.758251668454745,4
2026-01-05,P009,6.228893212777134,6
2026-01-06,P009,6.549034309059595,7
2026-01-07,P009,5.967621350083325,6
2026-01-08,P009,5.818926894719049,6
2026-01-09,P009,6.24740062362844,6
2026-01-10,P009,5.879304563672295,6
2026-01-11,P009,4.273109185957751,4
2026-01-12,P009,5.760626916890062,6
2026-01-13,P009,6.171623688030307,6
2026-01-14,P009,5.870586663835803,6
2026-01-01,P010,12.369484449140133,12
2026-01-02,P010,13.811715756383919,14
2026-01-03,P010,11.285587484772075,11
2026-01-04,P010,9.39675782138853,9
2026-01-05,P010,9.8183442194559,10
2026-01-06,P010,12.055470495860435,12
2026-01-07,P010,14.572119932051548,15
2026-01-08,P010,12.397238323440243,12
2026-01-09,P010,12.9968516766055,13
2026-01-10,P010,11.344857637121248,11
2026-01-11,P010,9.702861185492145,10
2026-01-12,P010,9.742063634512622,10
2026-01-13,P010,11.365954489155856,11
2026-01-14,P010,13.438085005434345,13
