date,product_id,actual_demand
2025-01-01,P001,3
2025-01-02,P001,4
2025-01-03,P001,4
2025-01-04,P001,2
2025-01-05,P001,2
2025-01-06,P001,3
2025-01-07,P001,3
2025-01-08,P001,4
2025-01-09,P001,3
2025-01-10,P001,4
2025-01-11,P001,4
2025-01-12,P001,2
2025-01-13,P001,4
2025-01-14,P001,3
2025-01-15,P001,3
2025-01-16,P001,4
2025-01-17,P001,4
2025-01-18,P001,3
2025-01-19,P001,2
2025-01-20,P001,4
2025-01-21,P001,3
2025-01-22,P001,4
2025-01-23,P001,4
2025-01-24,P001,4
2025-01-25,P001,3
2025-01-26,P001,2
2025-01-27,P001,4
2025-01-28,P001,3
2025-01-29,P001,3
2025-01-30,P001,4
2025-01-31,P001,5
2025-02-01,P001,3
2025-02-02,P001,3
2025-02-03,P001,4
2025-02-04,P001,3
2025-02-05,P001,3
2025-02-06,P001,4
2025-02-07,P001,5
2025-02-08,P001,3
2025-02-09,P001,2
2025-02-10,P001,4
2025-02-11,P001,4
2025-02-12,P001,3
2025-02-13,P001,4
2025-02-14,P001,5
2025-02-15,P001,3
2025-02-16,P001,2
2025-02-17,P001,4
2025-02-18,P001,4
2025-02-19,P001,4
2025-02-20,P001,4
2025-02-21,P001,4
2025-02-22,P001,3
2025-02-23,P001,2
2025-02-24,P001,4
2025-02-25,P001,4
2025-02-26,P001,4
2025-02-27,P001,4
2025-02-28,P001,4
2025-03-01,P001,3
2025-03-02,P001,3
2025-03-03,P001,5
2025-03-04,P001,4
2025-03-05,P001,5
2025-03-06,P001,3
2025-03-07,P001,5
2025-03-08,P001,3
2025-03-09,P001,3
2025-03-10,P001,4
2025-03-11,P001,3
2025-03-12,P001,4
2025-03-13,P001,4
2025-03-14,P001,5
2025-03-15,P001,3
2025-03-16,P001,3
2025-03-17,P001,4
2025-03-18,P001,4
2025-03-19,P001,4
2025-03-20,P001,4
2025-03-21,P001,5
2025-03-22,P001,3
2025-03-23,P001,3
2025-03-24,P001,4
2025-03-25,P001,4
2025-03-26,P001,4
2025-03-27,P001,4
2025-03-28,P001,5
2025-03-29,P001,3
2025-03-30,P001,3
2025-03-31,P001,4
2025-04-01,P001,4
2025-04-02,P001,4
2025-04-03,P001,4
2025-04-04,P001,4
2025-04-05,P001,4
2025-04-06,P001,3
2025-04-07,P001,5
2025-04-08,P001,4
2025-04-09,P001,4
2025-04-10,P001,4
2025-04-11,P001,4
2025-04-12,P001,4
2025-04-13,P001,3
2025-04-14,P001,5
2025-04-15,P001,4
2025-04-16,P001,4
2025-04-17,P001,4
2025-04-18,P001,4
2025-04-19,P001,4
2025-04-20,P001,3
2025-04-21,P001,5
2025-04-22,P001,4
2025-04-23,P001,5
2025-04-24,P001,4
2025-04-25,P001,5
2025-04-26,P001,4
2025-04-27,P001,3
2025-04-28,P001,4
2025-04-29,P001,4
2025-04-30,P001,4
2025-05-01,P001,4
2025-05-02,P001,5
2025-05-03,P001,3
2025-05-04,P001,3
2025-05-05,P001,4
2025-05-06,P001,5
2025-05-07,P001,4
2025-05-08,P001,4
2025-05-09,P001,5
2025-05-10,P001,3
2025-05-11,P001,3
2025-05-12,P001,5
2025-05-13,P001,4
2025-05-14,P001,4
2025-05-15,P001,5
2025-05-16,P001,5
2025-05-17,P001,3
2025-05-18,P001,3
2025-05-19,P001,5
2025-05-20,P001,4
2025-05-21,P001,4
2025-05-22,P001,5
2025-05-23,P001,5
2025-05-24,P001,4
2025-05-25,P001,3
2025-05-26,P001,4
2025-05-27,P001,5
2025-05-28,P001,5
2025-05-29,P001,4
2025-05-30,P001,5
2025-05-31,P001,3
2025-06-01,P001,3
2025-06-02,P001,5
2025-06-03,P001,4
2025-06-04,P001,5
2025-06-05,P001,5
2025-06-06,P001,6
2025-06-07,P001,5
2025-06-08,P001,3
2025-06-09,P001,4
2025-06-10,P001,4
2025-06-11,P001,4
2025-06-12,P001,5
2025-06-13,P001,5
2025-06-14,P001,4
2025-06-15,P001,3
2025-06-16,P001,5
2025-06-17,P001,5
2025-06-18,P001,4
2025-06-19,P001,6
2025-06-20,P001,6
2025-06-21,P001,4
2025-06-22,P001,3
2025-06-23,P001,5
2025-06-24,P001,4
2025-06-25,P001,5
2025-06-26,P001,5
2025-06-27,P001,5
2025-06-28,P001,4
2025-06-29,P001,3
2025-06-30,P001,4
2025-07-01,P001,5
2025-07-02,P001,4
2025-07-03,P001,4
2025-07-04,P001,5
2025-07-05,P001,4
2025-07-06,P001,3
2025-07-07,P001,4
2025-07-08,P001,4
2025-07-09,P001,4
2025-07-10,P001,5
2025-07-11,P001,5
2025-07-12,P001,4
2025-07-13,P001,3
2025-07-14,P001,4
2025-07-15,P001,4
2025-07-16,P001,5
2025-07-17,P001,5
2025-07-18,P001,5
2025-07-19,P001,5
2025-07-20,P001,3
2025-07-21,P001,5
2025-07-22,P001,5
2025-07-23,P001,5
2025-07-24,P001,5
2025-07-25,P001,6
2025-07-26,P001,3
2025-07-27,P001,3
2025-07-28,P001,4
2025-07-29,P001,4
2025-07-30,P001,5
2025-07-31,P001,4
2025-08-01,P001,5
2025-08-02,P001,3
2025-08-03,P001,3
2025-08-04,P001,5
2025-08-05,P001,4
2025-08-06,P001,4
2025-08-07,P001,4
2025-08-08,P001,5
2025-08-09,P001,3
2025-08-10,P001,3
2025-08-11,P001,4
2025-08-12,P001,4
2025-08-13,P001,5
2025-08-14,P001,5
2025-08-15,P001,4
2025-08-16,P001,4
2025-08-17,P001,3
2025-08-18,P001,5
2025-08-19,P001,4
2025-08-20,P001,4
2025-08-21,P001,5
2025-08-22,P001,5
2025-08-23,P001,3
2025-08-24,P001,3
2025-08-25,P001,4
2025-08-26,P001,4
2025-08-27,P001,5
2025-08-28,P001,5
2025-08-29,P001,4
2025-08-30,P001,4
2025-08-31,P001,4
2025-09-01,P001,5
2025-09-02,P001,4
2025-09-03,P001,5
2025-09-04,P001,6
2025-09-05,P001,5
2025-09-06,P001,4
2025-09-07,P001,4
2025-09-08,P001,4
2025-09-09,P001,5
2025-09-10,P001,3
2025-09-11,P001,5
2025-09-12,P001,5
2025-09-13,P001,4
2025-09-14,P001,4
2025-09-15,P001,4
2025-09-16,P001,5
2025-09-17,P001,5
2025-09-18,P001,6
2025-09-19,P001,5
2025-09-20,P001,5
2025-09-21,P001,3
2025-09-22,P001,4
2025-09-23,P001,5
2025-09-24,P001,5
2025-09-25,P001,5
2025-09-26,P001,6
2025-09-27,P001,4
2025-09-28,P001,3
2025-09-29,P001,5
2025-09-30,P001,6
2025-10-01,P001,4
2025-10-02,P001,6
2025-10-03,P001,5
2025-10-04,P001,4
2025-10-05,P001,4
2025-10-06,P001,5
2025-10-07,P001,5
2025-10-08,P001,5
2025-10-09,P001,5
2025-10-10,P001,5
2025-10-11,P001,5
2025-10-12,P001,4
2025-10-13,P001,5
2025-10-14,P001,6
2025-10-15,P001,5
2025-10-16,P001,6
2025-10-17,P001,6
2025-10-18,P001,4
2025-10-19,P001,3
2025-10-20,P001,5
2025-10-21,P001,5
2025-10-22,P001,5
2025-10-23,P001,5
2025-10-24,P001,7
2025-10-25,P001,4
2025-10-26,P001,4
2025-10-27,P001,5
2025-10-28,P001,5
2025-10-29,P001,6
2025-10-30,P001,6
2025-10-31,P001,6
2025-11-01,P001,6
2025-11-02,P001,4
2025-11-03,P001,6
2025-11-04,P001,6
2025-11-05,P001,6
2025-11-06,P001,6
2025-11-07,P001,7
2025-11-08,P001,5
2025-11-09,P001,4
2025-11-10,P001,7
2025-11-11,P001,5
2025-11-12,P001,5
2025-11-13,P001,7
2025-11-14,P001,7
2025-11-15,P001,5
2025-11-16,P001,4
2025-11-17,P001,6
2025-11-18,P001,5
2025-11-19,P001,6
2025-11-20,P001,6
2025-11-21,P001,7
2025-11-22,P001,5
2025-11-23,P001,4
2025-11-24,P001,6
2025-11-25,P001,6
2025-11-26,P001,6
2025-11-27,P001,6
2025-11-28,P001,7
2025-11-29,P001,5
2025-11-30,P001,4
2025-12-01,P001,6
2025-12-02,P001,7
2025-12-03,P001,5
2025-12-04,P001,6
2025-12-05,P001,7
2025-12-06,P001,5
2025-12-07,P001,5
2025-12-08,P001,7
2025-12-09,P001,7
2025-12-10,P001,6
2025-12-11,P001,7
2025-12-12,P001,7
2025-12-13,P001,5
2025-12-14,P001,4
2025-12-15,P001,7
2025-12-16,P001,6
2025-12-17,P001,7
2025-12-18,P001,8
2025-12-19,P001,7
2025-12-20,P001,6
2025-12-21,P001,5
2025-12-22,P001,6
2025-12-23,P001,7
2025-12-24,P001,6
2025-12-25,P001,7
2025-12-26,P001,7
2025-12-27,P001,6
2025-12-28,P001,5
2025-12-29,P001,7
2025-12-30,P001,7
2025-12-31,P001,8
2025-01-01,P002,10
2025-01-02,P002,12
2025-01-03,P002,13
2025-01-04,P002,11
2025-01-05,P002,7
2025-01-06,P002,10
2025-01-07,P002,10
2025-01-08,P002,9
2025-01-09,P002,11
2025-01-10,P002,12
2025-01-11,P002,9
2025-01-12,P002,8
2025-01-13,P002,13
2025-01-14,P002,12
2025-01-15,P002,10
2025-01-16,P002,10
2025-01-17,P002,13
2025-01-18,P002,8
2025-01-19,P002,9
2025-01-20,P002,12
2025-01-21,P002,10
2025-01-22,P002,9
2025-01-23,P002,13
2025-01-24,P002,12
2025-01-25,P002,10
2025-01-26,P002,6
2025-01-27,P002,10
2025-01-28,P002,11
2025-01-29,P002,11
2025-01-30,P002,11
2025-01-31,P002,13
2025-02-01,P002,8
2025-02-02,P002,8
2025-02-03,P002,11
2025-02-04,P002,12
2025-02-05,P002,12
2025-02-06,P002,10
2025-02-07,P002,11
2025-02-08,P002,11
2025-02-09,P002,8
2025-02-10,P002,10
2025-02-11,P002,13
2025-02-12,P002,11
2025-02-13,P002,13
2025-02-14,P002,13
2025-02-15,P002,11
2025-02-16,P002,9
2025-02-17,P002,11
2025-02-18,P002,12
2025-02-19,P002,12
2025-02-20,P002,13
2025-02-21,P002,12
2025-02-22,P002,10
2025-02-23,P002,9
2025-02-24,P002,9
2025-02-25,P002,10
2025-02-26,P002,9
2025-02-27,P002,11
2025-02-28,P002,14
2025-03-01,P002,12
2025-03-02,P002,8
2025-03-03,P002,14
2025-03-04,P002,10
2025-03-05,P002,10
2025-03-06,P002,12
2025-03-07,P002,14
2025-03-08,P002,10
2025-03-09,P002,7
2025-03-10,P002,12
2025-03-11,P002,10
2025-03-12,P002,13
2025-03-13,P002,13
2025-03-14,P002,12
2025-03-15,P002,10
2025-03-16,P002,7
2025-03-17,P002,12
2025-03-18,P002,13
2025-03-19,P002,11
2025-03-20,P002,13
2025-03-21,P002,13
2025-03-22,P002,9
2025-03-23,P002,8
2025-03-24,P002,11
2025-03-25,P002,11
2025-03-26,P002,10
2025-03-27,P002,15
2025-03-28,P002,14
2025-03-29,P002,9
2025-03-30,P002,9
2025-03-31,P002,12
2025-04-01,P002,12
2025-04-02,P002,13
2025-04-03,P002,14
2025-04-04,P002,14
2025-04-05,P002,10
2025-04-06,P002,9
2025-04-07,P002,10
2025-04-08,P002,11
2025-04-09,P002,14
2025-04-10,P002,15
2025-04-11,P002,14
2025-04-12,P002,11
2025-04-13,P002,9
2025-04-14,P002,17
2025-04-15,P002,14
2025-04-16,P002,13
2025-04-17,P002,12
2025-04-18,P002,12
2025-04-19,P002,11
2025-04-20,P002,8
2025-04-21,P002,11
2025-04-22,P002,12
2025-04-23,P002,11
2025-04-24,P002,16
2025-04-25,P002,16
2025-04-26,P002,11
2025-04-27,P002,10
2025-04-28,P002,13
2025-04-29,P002,12
2025-04-30,P002,15
2025-05-01,P002,14
2025-05-02,P002,13
2025-05-03,P002,11
2025-05-04,P002,8
2025-05-05,P002,11
2025-05-06,P002,14
2025-05-07,P002,15
2025-05-08,P002,12
2025-05-09,P002,16
2025-05-10,P002,10
2025-05-11,P002,9
2025-05-12,P002,12
2025-05-13,P002,12
2025-05-14,P002,13
2025-05-15,P002,12
2025-05-16,P002,15
2025-05-17,P002,11
2025-05-18,P002,9
2025-05-19,P002,12
2025-05-20,P002,12
2025-05-21,P002,14
2025-05-22,P002,14
2025-05-23,P002,13
2025-05-24,P002,11
2025-05-25,P002,10
2025-05-26,P002,11
2025-05-27,P002,14
2025-05-28,P002,12
2025-05-29,P002,14
2025-05-30,P002,14
2025-05-31,P002,9
2025-06-01,P002,8
2025-06-02,P002,14
2025-06-03,P002,14
2025-06-04,P002,12
2025-06-05,P002,15
2025-06-06,P002,13
2025-06-07,P002,12
2025-06-08,P002,8
2025-06-09,P002,13
2025-06-10,P002,14
2025-06-11,P002,13
2025-06-12,P002,14
2025-06-13,P002,17
2025-06-14,P002,11
2025-06-15,P002,10
2025-06-16,P002,12
2025-06-17,P002,14
2025-06-18,P002,16
2025-06-19,P002,11
2025-06-20,P002,15
2025-06-21,P002,12
2025-06-22,P002,9
2025-06-23,P002,14
2025-06-24,P002,13
2025-06-25,P002,14
2025-06-26,P002,14
2025-06-27,P002,18
2025-06-28,P002,12
2025-06-29,P002,10
2025-06-30,P002,13
2025-07-01,P002,13
2025-07-02,P002,13
2025-07-03,P002,14
2025-07-04,P002,15
2025-07-05,P002,12
2025-07-06,P002,11
2025-07-07,P002,14
2025-07-08,P002,13
2025-07-09,P002,15
2025-07-10,P002,13
2025-07-11,P002,12
2025-07-12,P002,10
2025-07-13,P002,8
2025-07-14,P002,13
2025-07-15,P002,13
2025-07-16,P002,16
2025-07-17,P002,14
2025-07-18,P002,15
2025-07-19,P002,12
2025-07-20,P002,7
2025-07-21,P002,14
2025-07-22,P002,14
2025-07-23,P002,11
2025-07-24,P002,16
2025-07-25,P002,16
2025-07-26,P002,11
2025-07-27,P002,10
2025-07-28,P002,16
2025-07-29,P002,14
2025-07-30,P002,14
2025-07-31,P002,13
2025-08-01,P002,13
2025-08-02,P002,12
2025-08-03,P002,8
2025-08-04,P002,13
2025-08-05,P002,12
2025-08-06,P002,13
2025-08-07,P002,14
2025-08-08,P002,16
2025-08-09,P002,10
2025-08-10,P002,9
2025-08-11,P002,12
2025-08-12,P002,12
2025-08-13,P002,13
2025-08-14,P002,14
2025-08-15,P002,13
2025-08-16,P002,12
2025-08-17,P002,10
2025-08-18,P002,13
2025-08-19,P002,15
2025-08-20,P002,12
2025-08-21,P002,12
2025-08-22,P002,12
2025-08-23,P002,13
2025-08-24,P002,10
2025-08-25,P002,13
2025-08-26,P002,13
2025-08-27,P002,11
2025-08-28,P002,17
2025-08-29,P002,15
2025-08-30,P002,11
2025-08-31,P002,10
2025-09-01,P002,15
2025-09-02,P002,15
2025-09-03,P002,13
2025-09-04,P002,16
2025-09-05,P002,20
2025-09-06,P002,14
2025-09-07,P002,12
2025-09-08,P002,14
2025-09-09,P002,13
2025-09-10,P002,14
2025-09-11,P002,15
2025-09-12,P002,18
2025-09-13,P002,10
2025-09-14,P002,12
2025-09-15,P002,14
2025-09-16,P002,14
2025-09-17,P002,13
2025-09-18,P002,13
2025-09-19,P002,18
2025-09-20,P002,12
2025-09-21,P002,9
2025-09-22,P002,13
2025-09-23,P002,14
2025-09-24,P002,17
2025-09-25,P002,15
2025-09-26,P002,14
2025-09-27,P002,12
2025-09-28,P002,10
2025-09-29,P002,11
2025-09-30,P002,14
2025-10-01,P002,15
2025-10-02,P002,17
2025-10-03,P002,21
2025-10-04,P002,14
2025-10-05,P002,10
2025-10-06,P002,14
2025-10-07,P002,19
2025-10-08,P002,15
2025-10-09,P002,16
2025-10-10,P002,17
2025-10-11,P002,13
2025-10-12,P002,11
2025-10-13,P002,14
2025-10-14,P002,14
2025-10-15,P002,15
2025-10-16,P002,15
2025-10-17,P002,16
2025-10-18,P002,13
2025-10-19,P002,10
2025-10-20,P002,18
2025-10-21,P002,11
2025-10-22,P002,17
2025-10-23,P002,18
2025-10-24,P002,14
2025-10-25,P002,13
2025-10-26,P002,10
2025-10-27,P002,13
2025-10-28,P002,14
2025-10-29,P002,14
2025-10-30,P002,19
2025-10-31,P002,19
2025-11-01,P002,17
2025-11-02,P002,13
2025-11-03,P002,16
2025-11-04,P002,17
2025-11-05,P002,18
2025-11-06,P002,16
2025-11-07,P002,22
2025-11-08,P002,15
2025-11-09,P002,12
2025-11-10,P002,19
2025-11-11,P002,18
2025-11-12,P002,17
2025-11-13,P002,21
2025-11-14,P002,18
2025-11-15,P002,16
2025-11-16,P002,13
2025-11-17,P002,17
2025-11-18,P002,18
2025-11-19,P002,15
2025-11-20,P002,20
2025-11-21,P002,20
2025-11-22,P002,14
2025-11-23,P002,14
2025-11-24,P002,16
2025-11-25,P002,15
2025-11-26,P002,15
2025-11-27,P002,20
2025-11-28,P002,18
2025-11-29,P002,18
2025-11-30,P002,10
2025-12-01,P002,22
2025-12-02,P002,20
2025-12-03,P002,19
2025-12-04,P002,19
2025-12-05,P002,23
2025-12-06,P002,16
2025-12-07,P002,15
2025-12-08,P002,19
2025-12-09,P002,20
2025-12-10,P002,19
2025-12-11,P002,20
2025-12-12,P002,23
2025-12-13,P002,14
2025-12-14,P002,12
2025-12-15,P002,21
2025-12-16,P002,20
2025-12-17,P002,19
2025-12-18,P002,20
2025-12-19,P002,23
2025-12-20,P002,16
2025-12-21,P002,12
2025-12-22,P002,20
2025-12-23,P002,17
2025-12-24,P002,20
2025-12-25,P002,17
2025-12-26,P002,25
2025-12-27,P002,17
2025-12-28,P002,14
2025-12-29,P002,21
2025-12-30,P002,23
2025-12-31,P002,21
2025-01-01,P003,5
2025-01-02,P003,6
2025-01-03,P003,7
2025-01-04,P003,5
2025-01-05,P003,5
2025-01-06,P003,6
2025-01-07,P003,6
2025-01-08,P003,6
2025-01-09,P003,6
2025-01-10,P003,6
2025-01-11,P003,5
2025-01-12,P003,4
2025-01-13,P003,6
2025-01-14,P003,7
2025-01-15,P003,6
2025-01-16,P003,8
2025-01-17,P003,8
2025-01-18,P003,6
2025-01-19,P003,4
2025-01-20,P003,7
2025-01-21,P003,6
2025-01-22,P003,6
2025-01-23,P003,8
2025-01-24,P003,7
2025-01-25,P003,6
2025-01-26,P003,4
2025-01-27,P003,6
2025-01-28,P003,8
2025-01-29,P003,6
2025-01-30,P003,8
2025-01-31,P003,8
2025-02-01,P003,5
2025-02-02,P003,5
2025-02-03,P003,7
2025-02-04,P003,7
2025-02-05,P003,5
2025-02-06,P003,6
2025-02-07,P003,7
2025-02-08,P003,5
2025-02-09,P003,5
2025-02-10,P003,7
2025-02-11,P003,6
2025-02-12,P003,7
2025-02-13,P003,7
2025-02-14,P003,8
2025-02-15,P003,6
2025-02-16,P003,5
2025-02-17,P003,7
2025-02-18,P003,6
2025-02-19,P003,5
2025-02-20,P003,7
2025-02-21,P003,8
2025-02-22,P003,6
2025-02-23,P003,4
2025-02-24,P003,6
2025-02-25,P003,7
2025-02-26,P003,6
2025-02-27,P003,7
2025-02-28,P003,7
2025-03-01,P003,6
2025-03-02,P003,5
2025-03-03,P003,7
2025-03-04,P003,7
2025-03-05,P003,7
2025-03-06,P003,7
2025-03-07,P003,8
2025-03-08,P003,6
2025-03-09,P003,5
2025-03-10,P003,8
2025-03-11,P003,6
2025-03-12,P003,7
2025-03-13,P003,7
2025-03-14,P003,9
2025-03-15,P003,6
2025-03-16,P003,5
2025-03-17,P003,6
2025-03-18,P003,7
2025-03-19,P003,8
2025-03-20,P003,7
2025-03-21,P003,9
2025-03-22,P003,6
2025-03-23,P003,6
2025-03-24,P003,9
2025-03-25,P003,7
2025-03-26,P003,7
2025-03-27,P003,8
2025-03-28,P003,9
2025-03-29,P003,6
2025-03-30,P003,5
2025-03-31,P003,7
2025-04-01,P003,6
2025-04-02,P003,7
2025-04-03,P003,7
2025-04-04,P003,8
2025-04-05,P003,6
2025-04-06,P003,5
2025-04-07,P003,9
2025-04-08,P003,7
2025-04-09,P003,8
2025-04-10,P003,8
2025-04-11,P003,8
2025-04-12,P003,7
2025-04-13,P003,5
2025-04-14,P003,8
2025-04-15,P003,8
2025-04-16,P003,8
2025-04-17,P003,8
2025-04-18,P003,11
2025-04-19,P003,6
2025-04-20,P003,5
2025-04-21,P003,7
2025-04-22,P003,7
2025-04-23,P003,7
2025-04-24,P003,9
2025-04-25,P003,10
2025-04-26,P003,6
2025-04-27,P003,5
2025-04-28,P003,8
2025-04-29,P003,7
2025-04-30,P003,8
2025-05-01,P003,8
2025-05-02,P003,7
2025-05-03,P003,7
2025-05-04,P003,6
2025-05-05,P003,7
2025-05-06,P003,7
2025-05-07,P003,8
2025-05-08,P003,8
2025-05-09,P003,9
2025-05-10,P003,8
2025-05-11,P003,5
2025-05-12,P003,7
2025-05-13,P003,6
2025-05-14,P003,7
2025-05-15,P003,8
2025-05-16,P003,10
2025-05-17,P003,6
2025-05-18,P003,5
2025-05-19,P003,8
2025-05-20,P003,8
2025-05-21,P003,9
2025-05-22,P003,7
2025-05-23,P003,8
2025-05-24,P003,7
2025-05-25,P003,6
2025-05-26,P003,9
2025-05-27,P003,8
2025-05-28,P003,7
2025-05-29,P003,8
2025-05-30,P003,10
2025-05-31,P003,7
2025-06-01,P003,6
2025-06-02,P003,9
2025-06-03,P003,9
2025-06-04,P003,9
2025-06-05,P003,9
2025-06-06,P003,9
2025-06-07,P003,7
2025-06-08,P003,6
2025-06-09,P003,7
2025-06-10,P003,8
2025-06-11,P003,8
2025-06-12,P003,8
2025-06-13,P003,10
2025-06-14,P003,7
2025-06-15,P003,6
2025-06-16,P003,7
2025-06-17,P003,9
2025-06-18,P003,9
2025-06-19,P003,10
2025-06-20,P003,9
2025-06-21,P003,7
2025-06-22,P003,6
2025-06-23,P003,9
2025-06-24,P003,8
2025-06-25,P003,8
2025-06-26,P003,9
2025-06-27,P003,9
2025-06-28,P003,7
2025-06-29,P003,6
2025-06-30,P003,9
2025-07-01,P003,7
2025-07-02,P003,8
2025-07-03,P003,8
2025-07-04,P003,10
2025-07-05,P003,6
2025-07-06,P003,5
2025-07-07,P003,8
2025-07-08,P003,9
2025-07-09,P003,8
2025-07-10,P003,8
2025-07-11,P003,11
2025-07-12,P003,6
2025-07-13,P003,4
2025-07-14,P003,8
2025-07-15,P003,7
2025-07-16,P003,7
2025-07-17,P003,9
2025-07-18,P003,9
2025-07-19,P003,6
2025-07-20,P003,5
2025-07-21,P003,8
2025-07-22,P003,8
2025-07-23,P003,8
2025-07-24,P003,10
2025-07-25,P003,8
2025-07-26,P003,6
2025-07-27,P003,5
2025-07-28,P003,8
2025-07-29,P003,8
2025-07-30,P003,8
2025-07-31,P003,8
2025-08-01,P003,7
2025-08-02,P003,7
2025-08-03,P003,5
2025-08-04,P003,8
2025-08-05,P003,8
2025-08-06,P003,8
2025-08-07,P003,8
2025-08-08,P003,9
2025-08-09,P003,7
2025-08-10,P003,6
2025-08-11,P003,8
2025-08-12,P003,8
2025-08-13,P003,7
2025-08-14,P003,9
2025-08-15,P003,8
2025-08-16,P003,8
2025-08-17,P003,5
2025-08-18,P003,6
2025-08-19,P003,8
2025-08-20,P003,7
2025-08-21,P003,9
2025-08-22,P003,8
2025-08-23,P003,6
2025-08-24,P003,4
2025-08-25,P003,7
2025-08-26,P003,6
2025-08-27,P003,6
2025-08-28,P003,9
2025-08-29,P003,9
2025-08-30,P003,7
2025-08-31,P003,5
2025-09-01,P003,8
2025-09-02,P003,8
2025-09-03,P003,7
2025-09-04,P003,10
2025-09-05,P003,10
2025-09-06,P003,7
2025-09-07,P003,6
2025-09-08,P003,9
2025-09-09,P003,7
2025-09-10,P003,8
2025-09-11,P003,8
2025-09-12,P003,9
2025-09-13,P003,7
2025-09-14,P003,7
2025-09-15,P003,9
2025-09-16,P003,8
2025-09-17,P003,9
2025-09-18,P003,10
2025-09-19,P003,11
2025-09-20,P003,7
2025-09-21,P003,6
2025-09-22,P003,9
2025-09-23,P003,9
2025-09-24,P003,9
2025-09-25,P003,9
2025-09-26,P003,11
2025-09-27,P003,7
2025-09-28,P003,7
2025-09-29,P003,9
2025-09-30,P003,10
2025-10-01,P003,8
2025-10-02,P003,11
2025-10-03,P003,10
2025-10-04,P003,7
2025-10-05,P003,6
2025-10-06,P003,9
2025-10-07,P003,9
2025-10-08,P003,9
2025-10-09,P003,9
2025-10-10,P003,10
2025-10-11,P003,9
2025-10-12,P003,7
2025-10-13,P003,9
2025-10-14,P003,9
2025-10-15,P003,9
2025-10-16,P003,10
2025-10-17,P003,9
2025-10-18,P003,7
2025-10-19,P003,5
2025-10-20,P003,9
2025-10-21,P003,10
2025-10-22,P003,9
2025-10-23,P003,11
2025-10-24,P003,9
2025-10-25,P003,6
2025-10-26,P003,6
2025-10-27,P003,10
2025-10-28,P003,10
2025-10-29,P003,9
2025-10-30,P003,10
2025-10-31,P003,10
2025-11-01,P003,9
2025-11-02,P003,8
2025-11-03,P003,11
2025-11-04,P003,9
2025-11-05,P003,12
2025-11-06,P003,12
2025-11-07,P003,11
2025-11-08,P003,9
2025-11-09,P003,8
2025-11-10,P003,11
2025-11-11,P003,10
2025-11-12,P003,10
2025-11-13,P003,11
2025-11-14,P003,13
2025-11-15,P003,9
2025-11-16,P003,7
2025-11-17,P003,11
2025-11-18,P003,7
2025-11-19,P003,11
2025-11-20,P003,9
2025-11-21,P003,11
2025-11-22,P003,8
2025-11-23,P003,6
2025-11-24,P003,12
2025-11-25,P003,10
2025-11-26,P003,11
2025-11-27,P003,11
2025-11-28,P003,12
2025-11-29,P003,9
2025-11-30,P003,6
2025-12-01,P003,12
2025-12-02,P003,11
2025-12-03,P003,9
2025-12-04,P003,11
2025-12-05,P003,15
2025-12-06,P003,10
2025-12-07,P003,8
2025-12-08,P003,11
2025-12-09,P003,11
2025-12-10,P003,14
2025-12-11,P003,12
2025-12-12,P003,13
2025-12-13,P003,11
2025-12-14,P003,8
2025-12-15,P003,11
2025-12-16,P003,11
2025-12-17,P003,11
2025-12-18,P003,12
2025-12-19,P003,14
2025-12-20,P003,10
2025-12-21,P003,8
2025-12-22,P003,11
2025-12-23,P003,11
2025-12-24,P003,9
2025-12-25,P003,13
2025-12-26,P003,13
2025-12-27,P003,11
2025-12-28,P003,6
2025-12-29,P003,14
2025-12-30,P003,11
2025-12-31,P003,13
2025-01-01,P004,2
2025-01-02,P004,3
2025-01-03,P004,3
2025-01-04,P004,2
2025-01-05,P004,2
2025-01-06,P004,3
2025-01-07,P004,3
2025-01-08,P004,3
2025-01-09,P004,3
2025-01-10,P004,3
2025-01-11,P004,2
2025-01-12,P004,2
2025-01-13,P004,3
2025-01-14,P004,3
2025-01-15,P004,3
2025-01-16,P004,3
2025-01-17,P004,4
2025-01-18,P004,2
2025-01-19,P004,2
2025-01-20,P004,3
2025-01-21,P004,2
2025-01-22,P004,3
2025-01-23,P004,3
2025-01-24,P004,3
2025-01-25,P004,2
2025-01-26,P004,2
2025-01-27,P004,3
2025-01-28,P004,3
2025-01-29,P004,3
2025-01-30,P004,3
2025-01-31,P004,3
2025-02-01,P004,3
2025-02-02,P004,2
2025-02-03,P004,3
2025-02-04,P004,3
2025-02-05,P004,3
2025-02-06,P004,3
2025-02-07,P004,3
2025-02-08,P004,2
2025-02-09,P004,2
2025-02-10,P004,3
2025-02-11,P004,2
2025-02-12,P004,2
2025-02-13,P004,3
2025-02-14,P004,3
2025-02-15,P004,2
2025-02-16,P004,2
2025-02-17,P004,3
2025-02-18,P004,2
2025-02-19,P004,3
2025-02-20,P004,3
2025-02-21,P004,3
2025-02-22,P004,3
2025-02-23,P004,2
2025-02-24,P004,3
2025-02-25,P004,2
2025-02-26,P004,3
2025-02-27,P004,3
2025-02-28,P004,3
2025-03-01,P004,3
2025-03-02,P004,3
2025-03-03,P004,3
2025-03-04,P004,3
2025-03-05,P004,3
2025-03-06,P004,3
2025-03-07,P004,4
2025-03-08,P004,3
2025-03-09,P004,2
2025-03-10,P004,3
2025-03-11,P004,3
2025-03-12,P004,3
2025-03-13,P004,3
2025-03-14,P004,3
2025-03-15,P004,2
2025-03-16,P004,2
2025-03-17,P004,3
2025-03-18,P004,3
2025-03-19,P004,3
2025-03-20,P004,3
2025-03-21,P004,3
2025-03-22,P004,3
2025-03-23,P004,2
2025-03-24,P004,3
2025-03-25,P004,3
2025-03-26,P004,3
2025-03-27,P004,3
2025-03-28,P004,3
2025-03-29,P004,2
2025-03-30,P004,2
2025-03-31,P004,3
2025-04-01,P004,3
2025-04-02,P004,3
2025-04-03,P004,3
2025-04-04,P004,4
2025-04-05,P004,3
2025-04-06,P004,2
2025-04-07,P004,3
2025-04-08,P004,3
2025-04-09,P004,3
2025-04-10,P004,3
2025-04-11,P004,4
2025-04-12,P004,3
2025-04-13,P004,2
2025-04-14,P004,3
2025-04-15,P004,4
2025-04-16,P004,3
2025-04-17,P004,3
2025-04-18,P004,3
2025-04-19,P004,3
2025-04-20,P004,2
2025-04-21,P004,4
2025-04-22,P004,3
2025-04-23,P004,3
2025-04-24,P004,3
2025-04-25,P004,4
2025-04-26,P004,2
2025-04-27,P004,2
2025-04-28,P004,3
2025-04-29,P004,3
2025-04-30,P004,3
2025-05-01,P004,3
2025-05-02,P004,4
2025-05-03,P004,3
2025-05-04,P004,2
2025-05-05,P004,4
2025-05-06,P004,3
2025-05-07,P004,3
2025-05-08,P004,3
2025-05-09,P004,5
2025-05-10,P004,3
2025-05-11,P004,3
2025-05-12,P004,4
2025-05-13,P004,3
2025-05-14,P004,3
2025-05-15,P004,4
2025-05-16,P004,4
2025-05-17,P004,3
2025-05-18,P004,2
2025-05-19,P004,3
2025-05-20,P004,3
2025-05-21,P004,3
2025-05-22,P004,3
2025-05-23,P004,3
2025-05-24,P004,3
2025-05-25,P004,2
2025-05-26,P004,3
2025-05-27,P004,4
2025-05-28,P004,3
2025-05-29,P004,4
2025-05-30,P004,4
2025-05-31,P004,2
2025-06-01,P004,3
2025-06-02,P004,4
2025-06-03,P004,3
2025-06-04,P004,3
2025-06-05,P004,4
2025-06-06,P004,4
2025-06-07,P004,3
2025-06-08,P004,2
2025-06-09,P004,3
2025-06-10,P004,3
2025-06-11,P004,3
2025-06-12,P004,3
2025-06-13,P004,4
2025-06-14,P004,3
2025-06-15,P004,3
2025-06-16,P004,4
2025-06-17,P004,3
2025-06-18,P004,3
2025-06-19,P004,4
2025-06-20,P004,4
2025-06-21,P004,4
2025-06-22,P004,3
2025-06-23,P004,4
2025-06-24,P004,3
2025-06-25,P004,3
2025-06-26,P004,4
2025-06-27,P004,4
2025-06-28,P004,3
2025-06-29,P004,2
2025-06-30,P004,3
2025-07-01,P004,3
2025-07-02,P004,3
2025-07-03,P004,3
2025-07-04,P004,3
2025-07-05,P004,3
2025-07-06,P004,3
2025-07-07,P004,3
2025-07-08,P004,4
2025-07-09,P004,3
2025-07-10,P004,3
2025-07-11,P004,4
2025-07-12,P004,3
2025-07-13,P004,2
2025-07-14,P004,3
2025-07-15,P004,3
2025-07-16,P004,4
2025-07-17,P004,3
2025-07-18,P004,4
2025-07-19,P004,3
2025-07-20,P004,2
2025-07-21,P004,3
2025-07-22,P004,3
2025-07-23,P004,4
2025-07-24,P004,4
2025-07-25,P004,4
2025-07-26,P004,3
2025-07-27,P004,3
2025-07-28,P004,4
2025-07-29,P004,3
2025-07-30,P004,3
2025-07-31,P004,3
2025-08-01,P004,4
2025-08-02,P004,3
2025-08-03,P004,2
2025-08-04,P004,3
2025-08-05,P004,3
2025-08-06,P004,3
2025-08-07,P004,4
2025-08-08,P004,4
2025-08-09,P004,2
2025-08-10,P004,2
2025-08-11,P004,3
2025-08-12,P004,3
2025-08-13,P004,3
2025-08-14,P004,4
2025-08-15,P004,4
2025-08-16,P004,3
2025-08-17,P004,3
2025-08-18,P004,3
2025-08-19,P004,3
2025-08-20,P004,3
2025-08-21,P004,3
2025-08-22,P004,4
2025-08-23,P004,3
2025-08-24,P004,2
2025-08-25,P004,3
2025-08-26,P004,3
2025-08-27,P004,4
2025-08-28,P004,4
2025-08-29,P004,3
2025-08-30,P004,2
2025-08-31,P004,2
2025-09-01,P004,3
2025-09-02,P004,3
2025-09-03,P004,3
2025-09-04,P004,3
2025-09-05,P004,4
2025-09-06,P004,3
2025-09-07,P004,2
2025-09-08,P004,3
2025-09-09,P004,3
2025-09-10,P004,4
2025-09-11,P004,3
2025-09-12,P004,4
2025-09-13,P004,3
2025-09-14,P004,3
2025-09-15,P004,4
2025-09-16,P004,3
2025-09-17,P004,4
2025-09-18,P004,4
2025-09-19,P004,4
2025-09-20,P004,3
2025-09-21,P004,2
2025-09-22,P004,3
2025-09-23,P004,4
2025-09-24,P004,4
2025-09-25,P004,3
2025-09-26,P004,3
2025-09-27,P004,4
2025-09-28,P004,2
2025-09-29,P004,3
2025-09-30,P004,4
2025-10-01,P004,4
2025-10-02,P004,5
2025-10-03,P004,5
2025-10-04,P004,3
2025-10-05,P004,3
2025-10-06,P004,4
2025-10-07,P004,4
2025-10-08,P004,4
2025-10-09,P004,5
2025-10-10,P004,5
2025-10-11,P004,3
2025-10-12,P004,2
2025-10-13,P004,4
2025-10-14,P004,4
2025-10-15,P004,5
2025-10-16,P004,4
2025-10-17,P004,4
2025-10-18,P004,3
2025-10-19,P004,2
2025-10-20,P004,3
2025-10-21,P004,4
2025-10-22,P004,4
2025-10-23,P004,4
2025-10-24,P004,5
2025-10-25,P004,4
2025-10-26,P004,3
2025-10-27,P004,4
2025-10-28,P004,4
2025-10-29,P004,3
2025-10-30,P004,5
2025-10-31,P004,4
2025-11-01,P004,4
2025-11-02,P004,3
2025-11-03,P004,5
2025-11-04,P004,5
2025-11-05,P004,5
2025-11-06,P004,4
2025-11-07,P004,6
2025-11-08,P004,4
2025-11-09,P004,3
2025-11-10,P004,5
2025-11-11,P004,5
2025-11-12,P004,5
2025-11-13,P004,5
2025-11-14,P004,5
2025-11-15,P004,3
2025-11-16,P004,3
2025-11-17,P004,4
2025-11-18,P004,5
2025-11-19,P004,4
2025-11-20,P004,5
2025-11-21,P004,5
2025-11-22,P004,4
2025-11-23,P004,3
2025-11-24,P004,5
2025-11-25,P004,4
2025-11-26,P004,4
2025-11-27,P004,5
2025-11-28,P004,5
2025-11-29,P004,4
2025-11-30,P004,3
2025-12-01,P004,5
2025-12-02,P004,5
2025-12-03,P004,5
2025-12-04,P004,5
2025-12-05,P004,5
2025-12-06,P004,4
2025-12-07,P004,3
2025-12-08,P004,5
2025-12-09,P004,5
2025-12-10,P004,5
2025-12-11,P004,5
2025-12-12,P004,6
2025-12-13,P004,5
2025-12-14,P004,3
2025-12-15,P004,6
2025-12-16,P004,5
2025-12-17,P004,4
2025-12-18,P004,5
2025-12-19,P004,6
2025-12-20,P004,5
2025-12-21,P004,4
2025-12-22,P004,5
2025-12-23,P004,4
2025-12-24,P004,5
2025-12-25,P004,5
2025-12-26,P004,5
2025-12-27,P004,4
2025-12-28,P004,4
2025-12-29,P004,5
2025-12-30,P004,4
2025-12-31,P004,5
2025-01-01,P005,6
2025-01-02,P005,5
2025-01-03,P005,6
2025-01-04,P005,5
2025-01-05,P005,3
2025-01-06,P005,6
2025-01-07,P005,5
2025-01-08,P005,6
2025-01-09,P005,5
2025-01-10,P005,6
2025-01-11,P005,5
2025-01-12,P005,4
2025-01-13,P005,6
2025-01-14,P005,5
2025-01-15,P005,6
2025-01-16,P005,6
2025-01-17,P005,5
2025-01-18,P005,4
2025-01-19,P005,3
2025-01-20,P005,6
2025-01-21,P005,5
2025-01-22,P005,7
2025-01-23,P005,5
2025-01-24,P005,6
2025-01-25,P005,5
2025-01-26,P005,5
2025-01-27,P005,7
2025-01-28,P005,6
2025-01-29,P005,6
2025-01-30,P005,6
2025-01-31,P005,7
2025-02-01,P005,4
2025-02-02,P005,4
2025-02-03,P005,5
2025-02-04,P005,5
2025-02-05,P005,5
2025-02-06,P005,6
2025-02-07,P005,7
2025-02-08,P005,5
2025-02-09,P005,4
2025-02-10,P005,5
2025-02-11,P005,5
2025-02-12,P005,5
2025-02-13,P005,5
2025-02-14,P005,6
2025-02-15,P005,5
2025-02-16,P005,4
2025-02-17,P005,6
2025-02-18,P005,5
2025-02-19,P005,7
2025-02-20,P005,7
2025-02-21,P005,7
2025-02-22,P005,5
2025-02-23,P005,4
2025-02-24,P005,5
2025-02-25,P005,6
2025-02-26,P005,7
2025-02-27,P005,7
2025-02-28,P005,6
2025-03-01,P005,4
2025-03-02,P005,4
2025-03-03,P005,5
2025-03-04,P005,6
2025-03-05,P005,6
2025-03-06,P005,6
2025-03-07,P005,6
2025-03-08,P005,5
2025-03-09,P005,4
2025-03-10,P005,5
2025-03-11,P005,4
2025-03-12,P005,6
2025-03-13,P005,7
2025-03-14,P005,8
2025-03-15,P005,5
2025-03-16,P005,4
2025-03-17,P005,6
2025-03-18,P005,5
2025-03-19,P005,6
2025-03-20,P005,7
2025-03-21,P005,8
2025-03-22,P005,5
2025-03-23,P005,4
2025-03-24,P005,5
2025-03-25,P005,5
2025-03-26,P005,6
2025-03-27,P005,6
2025-03-28,P005,7
2025-03-29,P005,5
2025-03-30,P005,5
2025-03-31,P005,6
2025-04-01,P005,6
2025-04-02,P005,6
2025-04-03,P005,5
2025-04-04,P005,8
2025-04-05,P005,6
2025-04-06,P005,4
2025-04-07,P005,6
2025-04-08,P005,7
2025-04-09,P005,5
2025-04-10,P005,6
2025-04-11,P005,8
2025-04-12,P005,5
2025-04-13,P005,5
2025-04-14,P005,5
2025-04-15,P005,7
2025-04-16,P005,6
2025-04-17,P005,6
2025-04-18,P005,8
2025-04-19,P005,5
2025-04-20,P005,4
2025-04-21,P005,6
2025-04-22,P005,7
2025-04-23,P005,6
2025-04-24,P005,7
2025-04-25,P005,8
2025-04-26,P005,6
2025-04-27,P005,5
2025-04-28,P005,6
2025-04-29,P005,6
2025-04-30,P005,6
2025-05-01,P005,6
2025-05-02,P005,5
2025-05-03,P005,6
2025-05-04,P005,5
2025-05-05,P005,5
2025-05-06,P005,6
2025-05-07,P005,7
2025-05-08,P005,8
2025-05-09,P005,7
2025-05-10,P005,5
2025-05-11,P005,4
2025-05-12,P005,7
2025-05-13,P005,6
2025-05-14,P005,6
2025-05-15,P005,6
2025-05-16,P005,7
2025-05-17,P005,6
2025-05-18,P005,5
2025-05-19,P005,7
2025-05-20,P005,6
2025-05-21,P005,6
2025-05-22,P005,6
2025-05-23,P005,8
2025-05-24,P005,5
2025-05-25,P005,4
2025-05-26,P005,9
2025-05-27,P005,7
2025-05-28,P005,6
2025-05-29,P005,7
2025-05-30,P005,8
2025-05-31,P005,6
2025-06-01,P005,4
2025-06-02,P005,7
2025-06-03,P005,6
2025-06-04,P005,8
2025-06-05,P005,8
2025-06-06,P005,8
2025-06-07,P005,7
2025-06-08,P005,5
2025-06-09,P005,7
2025-06-10,P005,7
2025-06-11,P005,6
2025-06-12,P005,7
2025-06-13,P005,9
2025-06-14,P005,6
2025-06-15,P005,5
2025-06-16,P005,6
2025-06-17,P005,7
2025-06-18,P005,8
2025-06-19,P005,6
2025-06-20,P005,8
2025-06-21,P005,7
2025-06-22,P005,5
2025-06-23,P005,7
2025-06-24,P005,6
2025-06-25,P005,7
2025-06-26,P005,7
2025-06-27,P005,9
2025-06-28,P005,7
2025-06-29,P005,6
2025-06-30,P005,7
2025-07-01,P005,7
2025-07-02,P005,7
2025-07-03,P005,7
2025-07-04,P005,8
2025-07-05,P005,5
2025-07-06,P005,5
2025-07-07,P005,7
2025-07-08,P005,6
2025-07-09,P005,7
2025-07-10,P005,8
2025-07-11,P005,8
2025-07-12,P005,4
2025-07-13,P005,4
2025-07-14,P005,8
2025-07-15,P005,7
2025-07-16,P005,6
2025-07-17,P005,7
2025-07-18,P005,8
2025-07-19,P005,6
2025-07-20,P005,5
2025-07-21,P005,6
2025-07-22,P005,6
2025-07-23,P005,6
2025-07-24,P005,8
2025-07-25,P005,7
2025-07-26,P005,6
2025-07-27,P005,5
2025-07-28,P005,7
2025-07-29,P005,6
2025-07-30,P005,7
2025-07-31,P005,7
2025-08-01,P005,7
2025-08-02,P005,6
2025-08-03,P005,4
2025-08-04,P005,7
2025-08-05,P005,6
2025-08-06,P005,7
2025-08-07,P005,7
2025-08-08,P005,7
2025-08-09,P005,6
2025-08-10,P005,4
2025-08-11,P005,7
2025-08-12,P005,6
2025-08-13,P005,6
2025-08-14,P005,8
2025-08-15,P005,7
2025-08-16,P005,5
2025-08-17,P005,5
2025-08-18,P005,7
2025-08-19,P005,7
2025-08-20,P005,7
2025-08-21,P005,7
2025-08-22,P005,8
2025-08-23,P005,6
2025-08-24,P005,4
2025-08-25,P005,7
2025-08-26,P005,8
2025-08-27,P005,6
2025-08-28,P005,6
2025-08-29,P005,8
2025-08-30,P005,5
2025-08-31,P005,4
2025-09-01,P005,8
2025-09-02,P005,7
2025-09-03,P005,7
2025-09-04,P005,8
2025-09-05,P005,8
2025-09-06,P005,7
2025-09-07,P005,5
2025-09-08,P005,8
2025-09-09,P005,7
2025-09-10,P005,8
2025-09-11,P005,8
2025-09-12,P005,7
2025-09-13,P005,7
2025-09-14,P005,5
2025-09-15,P005,8
2025-09-16,P005,7
2025-09-17,P005,9
2025-09-18,P005,7
2025-09-19,P005,8
2025-09-20,P005,6
2025-09-21,P005,5
2025-09-22,P005,8
2025-09-23,P005,6
2025-09-24,P005,6
2025-09-25,P005,7
2025-09-26,P005,9
2025-09-27,P005,7
2025-09-28,P005,5
2025-09-29,P005,7
2025-09-30,P005,7
2025-10-01,P005,8
2025-10-02,P005,7
2025-10-03,P005,9
2025-10-04,P005,7
2025-10-05,P005,6
2025-10-06,P005,8
2025-10-07,P005,8
2025-10-08,P005,6
2025-10-09,P005,9
2025-10-10,P005,8
2025-10-11,P005,5
2025-10-12,P005,6
2025-10-13,P005,9
2025-10-14,P005,8
2025-10-15,P005,8
2025-10-16,P005,9
2025-10-17,P005,10
2025-10-18,P005,8
2025-10-19,P005,6
2025-10-20,P005,8
2025-10-21,P005,6
2025-10-22,P005,7
2025-10-23,P005,7
2025-10-24,P005,11
2025-10-25,P005,6
2025-10-26,P005,5
2025-10-27,P005,8
2025-10-28,P005,8
2025-10-29,P005,9
2025-10-30,P005,8
2025-10-31,P005,9
2025-11-01,P005,7
2025-11-02,P005,5
2025-11-03,P005,8
2025-11-04,P005,9
2025-11-05,P005,8
2025-11-06,P005,9
2025-11-07,P005,9
2025-11-08,P005,7
2025-11-09,P005,5
2025-11-10,P005,9
2025-11-11,P005,9
2025-11-12,P005,8
2025-11-13,P005,9
2025-11-14,P005,9
2025-11-15,P005,8
2025-11-16,P005,7
2025-11-17,P005,7
2025-11-18,P005,9
2025-11-19,P005,9
2025-11-20,P005,10
2025-11-21,P005,10
2025-11-22,P005,7
2025-11-23,P005,6
2025-11-24,P005,8
2025-11-25,P005,10
2025-11-26,P005,9
2025-11-27,P005,11
2025-11-28,P005,10
2025-11-29,P005,7
2025-11-30,P005,5
2025-12-01,P005,8
2025-12-02,P005,8
2025-12-03,P005,10
2025-12-04,P005,11
2025-12-05,P005,9
2025-12-06,P005,9
2025-12-07,P005,6
2025-12-08,P005,10
2025-12-09,P005,11
2025-12-10,P005,10
2025-12-11,P005,10
2025-12-12,P005,10
2025-12-13,P005,6
2025-12-14,P005,6
2025-12-15,P005,9
2025-12-16,P005,9
2025-12-17,P005,10
2025-12-18,P005,10
2025-12-19,P005,11
2025-12-20,P005,8
2025-12-21,P005,7
2025-12-22,P005,10
2025-12-23,P005,9
2025-12-24,P005,11
2025-12-25,P005,10
2025-12-26,P005,11
2025-12-27,P005,9
2025-12-28,P005,7
2025-12-29,P005,11
2025-12-30,P005,10
2025-12-31,P005,9
2025-01-01,P006,5
2025-01-02,P006,4
2025-01-03,P006,5
2025-01-04,P006,4
2025-01-05,P006,3
2025-01-06,P006,4
2025-01-07,P006,4
2025-01-08,P006,4
2025-01-09,P006,5
2025-01-10,P006,5
2025-01-11,P006,3
2025-01-12,P006,4
2025-01-13,P006,4
2025-01-14,P006,5
2025-01-15,P006,5
2025-01-16,P006,4
2025-01-17,P006,6
2025-01-18,P006,3
2025-01-19,P006,3
2025-01-20,P006,5
2025-01-21,P006,4
2025-01-22,P006,5
2025-01-23,P006,5
2025-01-24,P006,5
2025-01-25,P006,4
2025-01-26,P006,3
2025-01-27,P006,5
2025-01-28,P006,5
2025-01-29,P006,4
2025-01-30,P006,5
2025-01-31,P006,4
2025-02-01,P006,4
2025-02-02,P006,4
2025-02-03,P006,4
2025-02-04,P006,4
2025-02-05,P006,4
2025-02-06,P006,5
2025-02-07,P006,5
2025-02-08,P006,4
2025-02-09,P006,4
2025-02-10,P006,5
2025-02-11,P006,4
2025-02-12,P006,5
2025-02-13,P006,4
2025-02-14,P006,5
2025-02-15,P006,4
2025-02-16,P006,4
2025-02-17,P006,4
2025-02-18,P006,4
2025-02-19,P006,5
2025-02-20,P006,5
2025-02-21,P006,5
2025-02-22,P006,4
2025-02-23,P006,3
2025-02-24,P006,5
2025-02-25,P006,5
2025-02-26,P006,5
2025-02-27,P006,5
2025-02-28,P006,5
2025-03-01,P006,4
2025-03-02,P006,3
2025-03-03,P006,5
2025-03-04,P006,6
2025-03-05,P006,5
2025-03-06,P006,5
2025-03-07,P006,6
2025-03-08,P006,4
2025-03-09,P006,4
2025-03-10,P006,5
2025-03-11,P006,5
2025-03-12,P006,5
2025-03-13,P006,4
2025-03-14,P006,5
2025-03-15,P006,4
2025-03-16,P006,4
2025-03-17,P006,6
2025-03-18,P006,6
2025-03-19,P006,5
2025-03-20,P006,5
2025-03-21,P006,5
2025-03-22,P006,4
2025-03-23,P006,3
2025-03-24,P006,5
2025-03-25,P006,5
2025-03-26,P006,5
2025-03-27,P006,4
2025-03-28,P006,6
2025-03-29,P006,4
2025-03-30,P006,4
2025-03-31,P006,6
2025-04-01,P006,5
2025-04-02,P006,4
2025-04-03,P006,5
2025-04-04,P006,7
2025-04-05,P006,5
2025-04-06,P006,3
2025-04-07,P006,6
2025-04-08,P006,5
2025-04-09,P006,5
2025-04-10,P006,7
2025-04-11,P006,5
2025-04-12,P006,5
2025-04-13,P006,4
2025-04-14,P006,6
2025-04-15,P006,5
2025-04-16,P006,5
2025-04-17,P006,5
2025-04-18,P006,6
2025-04-19,P006,4
2025-04-20,P006,4
2025-04-21,P006,5
2025-04-22,P006,6
2025-04-23,P006,5
2025-04-24,P006,6
2025-04-25,P006,6
2025-04-26,P006,4
2025-04-27,P006,4
2025-04-28,P006,5
2025-04-29,P006,5
2025-04-30,P006,5
2025-05-01,P006,6
2025-05-02,P006,5
2025-05-03,P006,6
2025-05-04,P006,4
2025-05-05,P006,5
2025-05-06,P006,5
2025-05-07,P006,5
2025-05-08,P006,6
2025-05-09,P006,7
2025-05-10,P006,5
2025-05-11,P006,4
2025-05-12,P006,5
2025-05-13,P006,5
2025-05-14,P006,5
2025-05-15,P006,6
2025-05-16,P006,7
2025-05-17,P006,3
2025-05-18,P006,4
2025-05-19,P006,5
2025-05-20,P006,5
2025-05-21,P006,5
2025-05-22,P006,6
2025-05-23,P006,7
2025-05-24,P006,4
2025-05-25,P006,4
2025-05-26,P006,5
2025-05-27,P006,5
2025-05-28,P006,5
2025-05-29,P006,6
2025-05-30,P006,7
2025-05-31,P006,5
2025-06-01,P006,4
2025-06-02,P006,6
2025-06-03,P006,5
2025-06-04,P006,6
2025-06-05,P006,6
2025-06-06,P006,7
2025-06-07,P006,5
2025-06-08,P006,4
2025-06-09,P006,6
2025-06-10,P006,6
2025-06-11,P006,6
2025-06-12,P006,5
2025-06-13,P006,6
2025-06-14,P006,5
2025-06-15,P006,4
2025-06-16,P006,6
2025-06-17,P006,5
2025-06-18,P006,6
2025-06-19,P006,5
2025-06-20,P006,7
2025-06-21,P006,5
2025-06-22,P006,4
2025-06-23,P006,6
2025-06-24,P006,6
2025-06-25,P006,5
2025-06-26,P006,6
2025-06-27,P006,6
2025-06-28,P006,4
2025-06-29,P006,4
2025-06-30,P006,6
2025-07-01,P006,5
2025-07-02,P006,4
2025-07-03,P006,6
2025-07-04,P006,6
2025-07-05,P006,5
2025-07-06,P006,4
2025-07-07,P006,6
2025-07-08,P006,5
2025-07-09,P006,4
2025-07-10,P006,6
2025-07-11,P006,7
2025-07-12,P006,5
2025-07-13,P006,4
2025-07-14,P006,5
2025-07-15,P006,6
2025-07-16,P006,5
2025-07-17,P006,6
2025-07-18,P006,7
2025-07-19,P006,5
2025-07-20,P006,5
2025-07-21,P006,6
2025-07-22,P006,5
2025-07-23,P006,6
2025-07-24,P006,5
2025-07-25,P006,6
2025-07-26,P006,5
2025-07-27,P006,4
2025-07-28,P006,6
2025-07-29,P006,5
2025-07-30,P006,6
2025-07-31,P006,6
2025-08-01,P006,6
2025-08-02,P006,4
2025-08-03,P006,4
2025-08-04,P006,6
2025-08-05,P006,5
2025-08-06,P006,5
2025-08-07,P006,5
2025-08-08,P006,5
2025-08-09,P006,4
2025-08-10,P006,4
2025-08-11,P006,6
2025-08-12,P006,5
2025-08-13,P006,5
2025-08-14,P006,6
2025-08-15,P006,6
2025-08-16,P006,5
2025-08-17,P006,4
2025-08-18,P006,5
2025-08-19,P006,5
2025-08-20,P006,4
2025-08-21,P006,6
2025-08-22,P006,7
2025-08-23,P006,5
2025-08-24,P006,4
2025-08-25,P006,6
2025-08-26,P006,5
2025-08-27,P006,5
2025-08-28,P006,5
2025-08-29,P006,6
2025-08-30,P006,5
2025-08-31,P006,4
2025-09-01,P006,6
2025-09-02,P006,6
2025-09-03,P006,6
2025-09-04,P006,7
2025-09-05,P006,6
2025-09-06,P006,4
2025-09-07,P006,4
2025-09-08,P006,5
2025-09-09,P006,6
2025-09-10,P006,6
2025-09-11,P006,6
2025-09-12,P006,8
2025-09-13,P006,5
2025-09-14,P006,4
2025-09-15,P006,6
2025-09-16,P006,5
2025-09-17,P006,7
2025-09-18,P006,6
2025-09-19,P006,7
2025-09-20,P006,5
2025-09-21,P006,4
2025-09-22,P006,7
2025-09-23,P006,6
2025-09-24,P006,5
2025-09-25,P006,6
2025-09-26,P006,8
2025-09-27,P006,5
2025-09-28,P006,5
2025-09-29,P006,5
2025-09-30,P006,6
2025-10-01,P006,6
2025-10-02,P006,7
2025-10-03,P006,7
2025-10-04,P006,5
2025-10-05,P006,4
2025-10-06,P006,6
2025-10-07,P006,7
2025-10-08,P006,6
2025-10-09,P006,7
2025-10-10,P006,7
2025-10-11,P006,4
2025-10-12,P006,4
2025-10-13,P006,8
2025-10-14,P006,7
2025-10-15,P006,6
2025-10-16,P006,7
2025-10-17,P006,7
2025-10-18,P006,6
2025-10-19,P006,4
2025-10-20,P006,7
2025-10-21,P006,7
2025-10-22,P006,7
2025-10-23,P006,7
2025-10-24,P006,7
2025-10-25,P006,6
2025-10-26,P006,5
2025-10-27,P006,6
2025-10-28,P006,6
2025-10-29,P006,6
2025-10-30,P006,8
2025-10-31,P006,6
2025-11-01,P006,5
2025-11-02,P006,5
2025-11-03,P006,7
2025-11-04,P006,7
2025-11-05,P006,7
2025-11-06,P006,8
2025-11-07,P006,10
2025-11-08,P006,5
2025-11-09,P006,5
2025-11-10,P006,7
2025-11-11,P006,6
2025-11-12,P006,7
2025-11-13,P006,9
2025-11-14,P006,8
2025-11-15,P006,6
2025-11-16,P006,4
2025-11-17,P006,7
2025-11-18,P006,7
2025-11-19,P006,7
2025-11-20,P006,9
2025-11-21,P006,9
2025-11-22,P006,6
2025-11-23,P006,5
2025-11-24,P006,8
2025-11-25,P006,8
2025-11-26,P006,9
2025-11-27,P006,7
2025-11-28,P006,8
2025-11-29,P006,5
2025-11-30,P006,5
2025-12-01,P006,8
2025-12-02,P006,9
2025-12-03,P006,8
2025-12-04,P006,8
2025-12-05,P006,9
2025-12-06,P006,6
2025-12-07,P006,7
2025-12-08,P006,7
2025-12-09,P006,8
2025-12-10,P006,10
2025-12-11,P006,8
2025-12-12,P006,9
2025-12-13,P006,7
2025-12-14,P006,6
2025-12-15,P006,9
2025-12-16,P006,6
2025-12-17,P006,9
2025-12-18,P006,7
2025-12-19,P006,9
2025-12-20,P006,7
2025-12-21,P006,6
2025-12-22,P006,7
2025-12-23,P006,8
2025-12-24,P006,10
2025-12-25,P006,7
2025-12-26,P006,9
2025-12-27,P006,6
2025-12-28,P006,6
2025-12-29,P006,8
2025-12-30,P006,8
2025-12-31,P006,8
2025-01-01,P007,2
2025-01-02,P007,2
2025-01-03,P007,2
2025-01-04,P007,1
2025-01-05,P007,1
2025-01-06,P007,2
2025-01-07,P007,2
2025-01-08,P007,2
2025-01-09,P007,2
2025-01-10,P007,2
2025-01-11,P007,1
2025-01-12,P007,1
2025-01-13,P007,2
2025-01-14,P007,2
2025-01-15,P007,2
2025-01-16,P007,2
2025-01-17,P007,2
2025-01-18,P007,2
2025-01-19,P007,2
2025-01-20,P007,2
2025-01-21,P007,2
2025-01-22,P007,2
2025-01-23,P007,2
2025-01-24,P007,2
2025-01-25,P007,1
2025-01-26,P007,1
2025-01-27,P007,2
2025-01-28,P007,2
2025-01-29,P007,1
2025-01-30,P007,2
2025-01-31,P007,2
2025-02-01,P007,2
2025-02-02,P007,1
2025-02-03,P007,2
2025-02-04,P007,2
2025-02-05,P007,2
2025-02-06,P007,2
2025-02-07,P007,2
2025-02-08,P007,1
2025-02-09,P007,1
2025-02-10,P007,2
2025-02-11,P007,2
2025-02-12,P007,2
2025-02-13,P007,2
2025-02-14,P007,2
2025-02-15,P007,2
2025-02-16,P007,1
2025-02-17,P007,2
2025-02-18,P007,2
2025-02-19,P007,2
2025-02-20,P007,2
2025-02-21,P007,2
2025-02-22,P007,1
2025-02-23,P007,1
2025-02-24,P007,2
2025-02-25,P007,2
2025-02-26,P007,2
2025-02-27,P007,2
2025-02-28,P007,2
2025-03-01,P007,2
2025-03-02,P007,1
2025-03-03,P007,2
2025-03-04,P007,2
2025-03-05,P007,2
2025-03-06,P007,2
2025-03-07,P007,3
2025-03-08,P007,1
2025-03-09,P007,1
2025-03-10,P007,2
2025-03-11,P007,2
2025-03-12,P007,2
2025-03-13,P007,2
2025-03-14,P007,2
2025-03-15,P007,2
2025-03-16,P007,1
2025-03-17,P007,2
2025-03-18,P007,2
2025-03-19,P007,2
2025-03-20,P007,2
2025-03-21,P007,2
2025-03-22,P007,1
2025-03-23,P007,1
2025-03-24,P007,2
2025-03-25,P007,2
2025-03-26,P007,2
2025-03-27,P007,2
2025-03-28,P007,2
2025-03-29,P007,2
2025-03-30,P007,1
2025-03-31,P007,2
2025-04-01,P007,2
2025-04-02,P007,2
2025-04-03,P007,2
2025-04-04,P007,2
2025-04-05,P007,2
2025-04-06,P007,2
2025-04-07,P007,2
2025-04-08,P007,2
2025-04-09,P007,2
2025-04-10,P007,2
2025-04-11,P007,3
2025-04-12,P007,2
2025-04-13,P007,1
2025-04-14,P007,2
2025-04-15,P007,3
2025-04-16,P007,3
2025-04-17,P007,2
2025-04-18,P007,2
2025-04-19,P007,2
2025-04-20,P007,2
2025-04-21,P007,2
2025-04-22,P007,3
2025-04-23,P007,2
2025-04-24,P007,2
2025-04-25,P007,3
2025-04-26,P007,2
2025-04-27,P007,2
2025-04-28,P007,2
2025-04-29,P007,2
2025-04-30,P007,2
2025-05-01,P007,2
2025-05-02,P007,3
2025-05-03,P007,2
2025-05-04,P007,2
2025-05-05,P007,2
2025-05-06,P007,2
2025-05-07,P007,2
2025-05-08,P007,2
2025-05-09,P007,3
2025-05-10,P007,2
2025-05-11,P007,1
2025-05-12,P007,2
2025-05-13,P007,2
2025-05-14,P007,2
2025-05-15,P007,2
2025-05-16,P007,3
2025-05-17,P007,2
2025-05-18,P007,2
2025-05-19,P007,2
2025-05-20,P007,2
2025-05-21,P007,2
2025-05-22,P007,2
2025-05-23,P007,3
2025-05-24,P007,2
2025-05-25,P007,1
2025-05-26,P007,2
2025-05-27,P007,2
2025-05-28,P007,2
2025-05-29,P007,2
2025-05-30,P007,2
2025-05-31,P007,2
2025-06-01,P007,2
2025-06-02,P007,2
2025-06-03,P007,2
2025-06-04,P007,3
2025-06-05,P007,2
2025-06-06,P007,3
2025-06-07,P007,2
2025-06-08,P007,1
2025-06-09,P007,2
2025-06-10,P007,2
2025-06-11,P007,2
2025-06-12,P007,2
2025-06-13,P007,3
2025-06-14,P007,2
2025-06-15,P007,2
2025-06-16,P007,2
2025-06-17,P007,2
2025-06-18,P007,2
2025-06-19,P007,3
2025-06-20,P007,3
2025-06-21,P007,2
2025-06-22,P007,2
2025-06-23,P007,2
2025-06-24,P007,3
2025-06-25,P007,3
2025-06-26,P007,2
2025-06-27,P007,2
2025-06-28,P007,2
2025-06-29,P007,2
2025-06-30,P007,2
2025-07-01,P007,2
2025-07-02,P007,2
2025-07-03,P007,2
2025-07-04,P007,3
2025-07-05,P007,2
2025-07-06,P007,2
2025-07-07,P007,2
2025-07-08,P007,2
2025-07-09,P007,2
2025-07-10,P007,2
2025-07-11,P007,2
2025-07-12,P007,2
2025-07-13,P007,1
2025-07-14,P007,2
2025-07-15,P007,2
2025-07-16,P007,2
2025-07-17,P007,2
2025-07-18,P007,3
2025-07-19,P007,2
2025-07-20,P007,1
2025-07-21,P007,2
2025-07-22,P007,2
2025-07-23,P007,2
2025-07-24,P007,3
2025-07-25,P007,3
2025-07-26,P007,2
2025-07-27,P007,2
2025-07-28,P007,2
2025-07-29,P007,2
2025-07-30,P007,2
2025-07-31,P007,3
2025-08-01,P007,2
2025-08-02,P007,2
2025-08-03,P007,2
2025-08-04,P007,2
2025-08-05,P007,2
2025-08-06,P007,2
2025-08-07,P007,2
2025-08-08,P007,2
2025-08-09,P007,2
2025-08-10,P007,2
2025-08-11,P007,2
2025-08-12,P007,2
2025-08-13,P007,2
2025-08-14,P007,2
2025-08-15,P007,3
2025-08-16,P007,2
2025-08-17,P007,2
2025-08-18,P007,2
2025-08-19,P007,2
2025-08-20,P007,2
2025-08-21,P007,2
2025-08-22,P007,2
2025-08-23,P007,2
2025-08-24,P007,1
2025-08-25,P007,2
2025-08-26,P007,2
2025-08-27,P007,2
2025-08-28,P007,2
2025-08-29,P007,3
2025-08-30,P007,2
2025-08-31,P007,1
2025-09-01,P007,3
2025-09-02,P007,2
2025-09-03,P007,2
2025-09-04,P007,3
2025-09-05,P007,3
2025-09-06,P007,2
2025-09-07,P007,2
2025-09-08,P007,2
2025-09-09,P007,2
2025-09-10,P007,2
2025-09-11,P007,2
2025-09-12,P007,3
2025-09-13,P007,2
2025-09-14,P007,2
2025-09-15,P007,2
2025-09-16,P007,3
2025-09-17,P007,3
2025-09-18,P007,3
2025-09-19,P007,3
2025-09-20,P007,2
2025-09-21,P007,1
2025-09-22,P007,3
2025-09-23,P007,3
2025-09-24,P007,2
2025-09-25,P007,3
2025-09-26,P007,3
2025-09-27,P007,2
2025-09-28,P007,2
2025-09-29,P007,3
2025-09-30,P007,2
2025-10-01,P007,2
2025-10-02,P007,3
2025-10-03,P007,3
2025-10-04,P007,2
2025-10-05,P007,2
2025-10-06,P007,2
2025-10-07,P007,3
2025-10-08,P007,2
2025-10-09,P007,3
2025-10-10,P007,4
2025-10-11,P007,2
2025-10-12,P007,2
2025-10-13,P007,3
2025-10-14,P007,2
2025-10-15,P007,3
2025-10-16,P007,3
2025-10-17,P007,2
2025-10-18,P007,2
2025-10-19,P007,2
2025-10-20,P007,2
2025-10-21,P007,3
2025-10-22,P007,2
2025-10-23,P007,3
2025-10-24,P007,3
2025-10-25,P007,2
2025-10-26,P007,2
2025-10-27,P007,3
2025-10-28,P007,3
2025-10-29,P007,3
2025-10-30,P007,3
2025-10-31,P007,3
2025-11-01,P007,2
2025-11-02,P007,2
2025-11-03,P007,4
2025-11-04,P007,3
2025-11-05,P007,3
2025-11-06,P007,3
2025-11-07,P007,4
2025-11-08,P007,3
2025-11-09,P007,2
2025-11-10,P007,3
2025-11-11,P007,3
2025-11-12,P007,3
2025-11-13,P007,3
2025-11-14,P007,3
2025-11-15,P007,2
2025-11-16,P007,2
2025-11-17,P007,3
2025-11-18,P007,4
2025-11-19,P007,3
2025-11-20,P007,3
2025-11-21,P007,4
2025-11-22,P007,3
2025-11-23,P007,2
2025-11-24,P007,3
2025-11-25,P007,4
2025-11-26,P007,3
2025-11-27,P007,3
2025-11-28,P007,3
2025-11-29,P007,3
2025-11-30,P007,2
2025-12-01,P007,3
2025-12-02,P007,3
2025-12-03,P007,4
2025-12-04,P007,4
2025-12-05,P007,3
2025-12-06,P007,3
2025-12-07,P007,2
2025-12-08,P007,3
2025-12-09,P007,3
2025-12-10,P007,3
2025-12-11,P007,4
2025-12-12,P007,4
2025-12-13,P007,2
2025-12-14,P007,2
2025-12-15,P007,4
2025-12-16,P007,4
2025-12-17,P007,3
2025-12-18,P007,3
2025-12-19,P007,4
2025-12-20,P007,3
2025-12-21,P007,2
2025-12-22,P007,3
2025-12-23,P007,2
2025-12-24,P007,3
2025-12-25,P007,4
2025-12-26,P007,4
2025-12-27,P007,2
2025-12-28,P007,2
2025-12-29,P007,3
2025-12-30,P007,3
2025-12-31,P007,3
2025-01-01,P008,8
2025-01-02,P008,8
2025-01-03,P008,10
2025-01-04,P008,7
2025-01-05,P008,6
2025-01-06,P008,8
2025-01-07,P008,7
2025-01-08,P008,8
2025-01-09,P008,8
2025-01-10,P008,12
2025-01-11,P008,6
2025-01-12,P008,7
2025-01-13,P008,9
2025-01-14,P008,8
2025-01-15,P008,10
2025-01-16,P008,9
2025-01-17,P008,10
2025-01-18,P008,7
2025-01-19,P008,6
2025-01-20,P008,9
2025-01-21,P008,8
2025-01-22,P008,7
2025-01-23,P008,8
2025-01-24,P008,9
2025-01-25,P008,7
2025-01-26,P008,6
2025-01-27,P008,8
2025-01-28,P008,8
2025-01-29,P008,8
2025-01-30,P008,9
2025-01-31,P008,7
2025-02-01,P008,7
2025-02-02,P008,6
2025-02-03,P008,9
2025-02-04,P008,8
2025-02-05,P008,7
2025-02-06,P008,9
2025-02-07,P008,9
2025-02-08,P008,6
2025-02-09,P008,5
2025-02-10,P008,8
2025-02-11,P008,8
2025-02-12,P008,6
2025-02-13,P008,9
2025-02-14,P008,11
2025-02-15,P008,8
2025-02-16,P008,5
2025-02-17,P008,8
2025-02-18,P008,8
2025-02-19,P008,9
2025-02-20,P008,9
2025-02-21,P008,9
2025-02-22,P008,7
2025-02-23,P008,6
2025-02-24,P008,10
2025-02-25,P008,9
2025-02-26,P008,9
2025-02-27,P008,9
2025-02-28,P008,11
2025-03-01,P008,8
2025-03-02,P008,6
2025-03-03,P008,10
2025-03-04,P008,9
2025-03-05,P008,8
2025-03-06,P008,9
2025-03-07,P008,10
2025-03-08,P008,8
2025-03-09,P008,6
2025-03-10,P008,9
2025-03-11,P008,10
2025-03-12,P008,10
2025-03-13,P008,10
2025-03-14,P008,11
2025-03-15,P008,7
2025-03-16,P008,6
2025-03-17,P008,11
2025-03-18,P008,9
2025-03-19,P008,8
2025-03-20,P008,9
2025-03-21,P008,9
2025-03-22,P008,7
2025-03-23,P008,6
2025-03-24,P008,8
2025-03-25,P008,9
2025-03-26,P008,10
2025-03-27,P008,9
2025-03-28,P008,12
2025-03-29,P008,8
2025-03-30,P008,7
2025-03-31,P008,8
2025-04-01,P008,10
2025-04-02,P008,8
2025-04-03,P008,11
2025-04-04,P008,11
2025-04-05,P008,8
2025-04-06,P008,6
2025-04-07,P008,9
2025-04-08,P008,10
2025-04-09,P008,9
2025-04-10,P008,10
2025-04-11,P008,9
2025-04-12,P008,9
2025-04-13,P008,6
2025-04-14,P008,10
2025-04-15,P008,10
2025-04-16,P008,9
2025-04-17,P008,11
2025-04-18,P008,11
2025-04-19,P008,8
2025-04-20,P008,6
2025-04-21,P008,8
2025-04-22,P008,10
2025-04-23,P008,8
2025-04-24,P008,10
2025-04-25,P008,11
2025-04-26,P008,9
2025-04-27,P008,6
2025-04-28,P008,9
2025-04-29,P008,10
2025-04-30,P008,10
2025-05-01,P008,10
2025-05-02,P008,12
2025-05-03,P008,7
2025-05-04,P008,7
2025-05-05,P008,10
2025-05-06,P008,9
2025-05-07,P008,9
2025-05-08,P008,10
2025-05-09,P008,11
2025-05-10,P008,8
2025-05-11,P008,8
2025-05-12,P008,11
2025-05-13,P008,8
2025-05-14,P008,10
2025-05-15,P008,11
2025-05-16,P008,12
2025-05-17,P008,9
2025-05-18,P008,8
2025-05-19,P008,11
2025-05-20,P008,10
2025-05-21,P008,11
2025-05-22,P008,10
2025-05-23,P008,11
2025-05-24,P008,8
2025-05-25,P008,8
2025-05-26,P008,9
2025-05-27,P008,11
2025-05-28,P008,10
2025-05-29,P008,9
2025-05-30,P008,12
2025-05-31,P008,7
2025-06-01,P008,8
2025-06-02,P008,11
2025-06-03,P008,10
2025-06-04,P008,10
2025-06-05,P008,13
2025-06-06,P008,11
2025-06-07,P008,8
2025-06-08,P008,8
2025-06-09,P008,12
2025-06-10,P008,10
2025-06-11,P008,11
2025-06-12,P008,12
2025-06-13,P008,11
2025-06-14,P008,8
2025-06-15,P008,8
2025-06-16,P008,12
2025-06-17,P008,11
2025-06-18,P008,9
2025-06-19,P008,13
2025-06-20,P008,11
2025-06-21,P008,8
2025-06-22,P008,7
2025-06-23,P008,12
2025-06-24,P008,11
2025-06-25,P008,11
2025-06-26,P008,11
2025-06-27,P008,12
2025-06-28,P008,9
2025-06-29,P008,5
2025-06-30,P008,10
2025-07-01,P008,10
2025-07-02,P008,9
2025-07-03,P008,11
2025-07-04,P008,11
2025-07-05,P008,10
2025-07-06,P008,8
2025-07-07,P008,9
2025-07-08,P008,10
2025-07-09,P008,10
2025-07-10,P008,10
2025-07-11,P008,12
2025-07-12,P008,8
2025-07-13,P008,6
2025-07-14,P008,11
2025-07-15,P008,11
2025-07-16,P008,9
2025-07-17,P008,11
2025-07-18,P008,11
2025-07-19,P008,9
2025-07-20,P008,8
2025-07-21,P008,10
2025-07-22,P008,10
2025-07-23,P008,9
2025-07-24,P008,10
2025-07-25,P008,11
2025-07-26,P008,8
2025-07-27,P008,7
2025-07-28,P008,8
2025-07-29,P008,10
2025-07-30,P008,10
2025-07-31,P008,10
2025-08-01,P008,11
2025-08-02,P008,8
2025-08-03,P008,7
2025-08-04,P008,10
2025-08-05,P008,9
2025-08-06,P008,8
2025-08-07,P008,9
2025-08-08,P008,10
2025-08-09,P008,8
2025-08-10,P008,6
2025-08-11,P008,8
2025-08-12,P008,9
2025-08-13,P008,10
2025-08-14,P008,11
2025-08-15,P008,10
2025-08-16,P008,8
2025-08-17,P008,6
2025-08-18,P008,10
2025-08-19,P008,9
2025-08-20,P008,10
2025-08-21,P008,8
2025-08-22,P008,11
2025-08-23,P008,8
2025-08-24,P008,7
2025-08-25,P008,12
2025-08-26,P008,10
2025-08-27,P008,9
2025-08-28,P008,10
2025-08-29,P008,9
2025-08-30,P008,8
2025-08-31,P008,6
2025-09-01,P008,12
2025-09-02,P008,10
2025-09-03,P008,11
2025-09-04,P008,11
2025-09-05,P008,14
2025-09-06,P008,9
2025-09-07,P008,9
2025-09-08,P008,12
2025-09-09,P008,11
2025-09-10,P008,11
2025-09-11,P008,12
2025-09-12,P008,10
2025-09-13,P008,9
2025-09-14,P008,8
2025-09-15,P008,11
2025-09-16,P008,9
2025-09-17,P008,11
2025-09-18,P008,13
2025-09-19,P008,14
2025-09-20,P008,9
2025-09-21,P008,8
2025-09-22,P008,10
2025-09-23,P008,9
2025-09-24,P008,10
2025-09-25,P008,13
2025-09-26,P008,12
2025-09-27,P008,9
2025-09-28,P008,7
2025-09-29,P008,13
2025-09-30,P008,13
2025-10-01,P008,14
2025-10-02,P008,12
2025-10-03,P008,13
2025-10-04,P008,8
2025-10-05,P008,9
2025-10-06,P008,10
2025-10-07,P008,12
2025-10-08,P008,10
2025-10-09,P008,11
2025-10-10,P008,12
2025-10-11,P008,9
2025-10-12,P008,8
2025-10-13,P008,11
2025-10-14,P008,12
2025-10-15,P008,10
2025-10-16,P008,12
2025-10-17,P008,15
2025-10-18,P008,9
2025-10-19,P008,7
2025-10-20,P008,11
2025-10-21,P008,13
2025-10-22,P008,12
2025-10-23,P008,11
2025-10-24,P008,14
2025-10-25,P008,9
2025-10-26,P008,9
2025-10-27,P008,12
2025-10-28,P008,11
2025-10-29,P008,11
2025-10-30,P008,11
2025-10-31,P008,14
2025-11-01,P008,13
2025-11-02,P008,9
2025-11-03,P008,14
2025-11-04,P008,10
2025-11-05,P008,12
2025-11-06,P008,14
2025-11-07,P008,14
2025-11-08,P008,10
2025-11-09,P008,9
2025-11-10,P008,14
2025-11-11,P008,13
2025-11-12,P008,10
2025-11-13,P008,11
2025-11-14,P008,14
2025-11-15,P008,12
2025-11-16,P008,7
2025-11-17,P008,13
2025-11-18,P008,13
2025-11-19,P008,15
2025-11-20,P008,13
2025-11-21,P008,16
2025-11-22,P008,11
2025-11-23,P008,7
2025-11-24,P008,14
2025-11-25,P008,14
2025-11-26,P008,14
2025-11-27,P008,19
2025-11-28,P008,12
2025-11-29,P008,13
2025-11-30,P008,9
2025-12-01,P008,15
2025-12-02,P008,14
2025-12-03,P008,14
2025-12-04,P008,14
2025-12-05,P008,17
2025-12-06,P008,10
2025-12-07,P008,11
2025-12-08,P008,14
2025-12-09,P008,13
2025-12-10,P008,14
2025-12-11,P008,17
2025-12-12,P008,16
2025-12-13,P008,13
2025-12-14,P008,9
2025-12-15,P008,16
2025-12-16,P008,15
2025-12-17,P008,17
2025-12-18,P008,15
2025-12-19,P008,18
2025-12-20,P008,12
2025-12-21,P008,11
2025-12-22,P008,13
2025-12-23,P008,16
2025-12-24,P008,14
2025-12-25,P008,15
2025-12-26,P008,17
2025-12-27,P008,13
2025-12-28,P008,10
2025-12-29,P008,15
2025-12-30,P008,17
2025-12-31,P008,16
2025-01-01,P009,4
2025-01-02,P009,4
2025-01-03,P009,4
2025-01-04,P009,3
2025-01-05,P009,3
2025-01-06,P009,4
2025-01-07,P009,3
2025-01-08,P009,4
2025-01-09,P009,3
2025-01-10,P009,4
2025-01-11,P009,3
2025-01-12,P009,2
2025-01-13,P009,4
2025-01-14,P009,4
2025-01-15,P009,4
2025-01-16,P009,3
2025-01-17,P009,4
2025-01-18,P009,2
2025-01-19,P009,2
2025-01-20,P009,3
2025-01-21,P009,4
2025-01-22,P009,4
2025-01-23,P009,4
2025-01-24,P009,5
2025-01-25,P009,3
2025-01-26,P009,3
2025-01-27,P009,4
2025-01-28,P009,4
2025-01-29,P009,4
2025-01-30,P009,3
2025-01-31,P009,4
2025-02-01,P009,3
2025-02-02,P009,2
2025-02-03,P009,3
2025-02-04,P009,4
2025-02-05,P009,4
2025-02-06,P009,4
2025-02-07,P009,4
2025-02-08,P009,3
2025-02-09,P009,3
2025-02-10,P009,3
2025-02-11,P009,4
2025-02-12,P009,3
2025-02-13,P009,5
2025-02-14,P009,5
2025-02-15,P009,3
2025-02-16,P009,3
2025-02-17,P009,3
2025-02-18,P009,4
2025-02-19,P009,4
2025-02-20,P009,4
2025-02-21,P009,5
2025-02-22,P009,3
2025-02-23,P009,3
2025-02-24,P009,3
2025-02-25,P009,3
2025-02-26,P009,4
2025-02-27,P009,4
2025-02-28,P009,4
2025-03-01,P009,4
2025-03-02,P009,3
2025-03-03,P009,4
2025-03-04,P009,4
2025-03-05,P009,4
2025-03-06,P009,4
2025-03-07,P009,5
2025-03-08,P009,3
2025-03-09,P009,2
2025-03-10,P009,4
2025-03-11,P009,4
2025-03-12,P009,3
2025-03-13,P009,4
2025-03-14,P009,4
2025-03-15,P009,4
2025-03-16,P009,3
2025-03-17,P009,3
2025-03-18,P009,4
2025-03-19,P009,3
2025-03-20,P009,5
2025-03-21,P009,4
2025-03-22,P009,3
2025-03-23,P009,3
2025-03-24,P009,3
2025-03-25,P009,3
2025-03-26,P009,4
2025-03-27,P009,5
2025-03-28,P009,4
2025-03-29,P009,2
2025-03-30,P009,3
2025-03-31,P009,4
2025-04-01,P009,5
2025-04-02,P009,4
2025-04-03,P009,4
2025-04-04,P009,5
2025-04-05,P009,3
2025-04-06,P009,3
2025-04-07,P009,4
2025-04-08,P009,4
2025-04-09,P009,4
2025-04-10,P009,4
2025-04-11,P009,4
2025-04-12,P009,3
2025-04-13,P009,3
2025-04-14,P009,4
2025-04-15,P009,4
2025-04-16,P009,4
2025-04-17,P009,4
2025-04-18,P009,5
2025-04-19,P009,3
2025-04-20,P009,3
2025-04-21,P009,5
2025-04-22,P009,4
2025-04-23,P009,4
2025-04-24,P009,5
2025-04-25,P009,5
2025-04-26,P009,3
2025-04-27,P009,3
2025-04-28,P009,4
2025-04-29,P009,4
2025-04-30,P009,5
2025-05-01,P009,4
2025-05-02,P009,5
2025-05-03,P009,4
2025-05-04,P009,3
2025-05-05,P009,5
2025-05-06,P009,4
2025-05-07,P009,4
2025-05-08,P009,5
2025-05-09,P009,4
2025-05-10,P009,3
2025-05-11,P009,3
2025-05-12,P009,4
2025-05-13,P009,4
2025-05-14,P009,4
2025-05-15,P009,4
2025-05-16,P009,5
2025-05-17,P009,4
2025-05-18,P009,3
2025-05-19,P009,4
2025-05-20,P009,5
2025-05-21,P009,4
2025-05-22,P009,5
2025-05-23,P009,5
2025-05-24,P009,4
2025-05-25,P009,3
2025-05-26,P009,5
2025-05-27,P009,5
2025-05-28,P009,5
2025-05-29,P009,5
2025-05-30,P009,5
2025-05-31,P009,4
2025-06-01,P009,3
2025-06-02,P009,4
2025-06-03,P009,4
2025-06-04,P009,4
2025-06-05,P009,5
2025-06-06,P009,5
2025-06-07,P009,4
2025-06-08,P009,3
2025-06-09,P009,5
2025-06-10,P009,4
2025-06-11,P009,5
2025-06-12,P009,5
2025-06-13,P009,5
2025-06-14,P009,4
2025-06-15,P009,4
2025-06-16,P009,5
2025-06-17,P009,5
2025-06-18,P009,5
2025-06-19,P009,5
2025-06-20,P009,5
2025-06-21,P009,4
2025-06-22,P009,4
2025-06-23,P009,5
2025-06-24,P009,4
2025-06-25,P009,5
2025-06-26,P009,4
2025-06-27,P009,6
2025-06-28,P009,4
2025-06-29,P009,3
2025-06-30,P009,4
2025-07-01,P009,4
2025-07-02,P009,4
2025-07-03,P009,4
2025-07-04,P009,5
2025-07-05,P009,4
2025-07-06,P009,3
2025-07-07,P009,4
2025-07-08,P009,5
2025-07-09,P009,5
2025-07-10,P009,4
2025-07-11,P009,5
2025-07-12,P009,4
2025-07-13,P009,3
2025-07-14,P009,4
2025-07-15,P009,5
2025-07-16,P009,4
2025-07-17,P009,5
2025-07-18,P009,5
2025-07-19,P009,4
2025-07-20,P009,3
2025-07-21,P009,4
2025-07-22,P009,4
2025-07-23,P009,5
2025-07-24,P009,5
2025-07-25,P009,5
2025-07-26,P009,4
2025-07-27,P009,3
2025-07-28,P009,5
2025-07-29,P009,4
2025-07-30,P009,5
2025-07-31,P009,4
2025-08-01,P009,5
2025-08-02,P009,3
2025-08-03,P009,3
2025-08-04,P009,4
2025-08-05,P009,4
2025-08-06,P009,4
2025-08-07,P009,4
2025-08-08,P009,4
2025-08-09,P009,4
2025-08-10,P009,3
2025-08-11,P009,3
2025-08-12,P009,4
2025-08-13,P009,4
2025-08-14,P009,4
2025-08-15,P009,4
2025-08-16,P009,4
2025-08-17,P009,3
2025-08-18,P009,4
2025-08-19,P009,4
2025-08-20,P009,4
2025-08-21,P009,4
2025-08-22,P009,5
2025-08-23,P009,3
2025-08-24,P009,2
2025-08-25,P009,4
2025-08-26,P009,4
2025-08-27,P009,4
2025-08-28,P009,4
2025-08-29,P009,4
2025-08-30,P009,4
2025-08-31,P009,3
2025-09-01,P009,5
2025-09-02,P009,4
2025-09-03,P009,4
2025-09-04,P009,4
2025-09-05,P009,5
2025-09-06,P009,4
2025-09-07,P009,4
2025-09-08,P009,5
2025-09-09,P009,5
2025-09-10,P009,4
2025-09-11,P009,5
2025-09-12,P009,5
2025-09-13,P009,5
2025-09-14,P009,3
2025-09-15,P009,5
2025-09-16,P009,5
2025-09-17,P009,6
2025-09-18,P009,5
2025-09-19,P009,6
2025-09-20,P009,5
2025-09-21,P009,3
2025-09-22,P009,4
2025-09-23,P009,4
2025-09-24,P009,5
2025-09-25,P009,4
2025-09-26,P009,5
2025-09-27,P009,4
2025-09-28,P009,3
2025-09-29,P009,5
2025-09-30,P009,5
2025-10-01,P009,6
2025-10-02,P009,5
2025-10-03,P009,5
2025-10-04,P009,4
2025-10-05,P009,4
2025-10-06,P009,6
2025-10-07,P009,5
2025-10-08,P009,6
2025-10-09,P009,5
2025-10-10,P009,7
2025-10-11,P009,5
2025-10-12,P009,4
2025-10-13,P009,6
2025-10-14,P009,4
2025-10-15,P009,5
2025-10-16,P009,5
2025-10-17,P009,6
2025-10-18,P009,4
2025-10-19,P009,4
2025-10-20,P009,6
2025-10-21,P009,5
2025-10-22,P009,5
2025-10-23,P009,5
2025-10-24,P009,5
2025-10-25,P009,5
2025-10-26,P009,4
2025-10-27,P009,5
2025-10-28,P009,5
2025-10-29,P009,4
2025-10-30,P009,5
2025-10-31,P009,7
2025-11-01,P009,4
2025-11-02,P009,4
2025-11-03,P009,6
2025-11-04,P009,5
2025-11-05,P009,6
2025-11-06,P009,7
2025-11-07,P009,7
2025-11-08,P009,6
2025-11-09,P009,3
2025-11-10,P009,6
2025-11-11,P009,6
2025-11-12,P009,6
2025-11-13,P009,6
2025-11-14,P009,6
2025-11-15,P009,5
2025-11-16,P009,3
2025-11-17,P009,6
2025-11-18,P009,6
2025-11-19,P009,6
2025-11-20,P009,7
2025-11-21,P009,7
2025-11-22,P009,5
2025-11-23,P009,4
2025-11-24,P009,5
2025-11-25,P009,7
2025-11-26,P009,7
2025-11-27,P009,6
2025-11-28,P009,7
2025-11-29,P009,5
2025-11-30,P009,5
2025-12-01,P009,7
2025-12-02,P009,8
2025-12-03,P009,6
2025-12-04,P009,6
2025-12-05,P009,8
2025-12-06,P009,6
2025-12-07,P009,4
2025-12-08,P009,6
2025-12-09,P009,7
2025-12-10,P009,7
2025-12-11,P009,6
2025-12-12,P009,8
2025-12-13,P009,6
2025-12-14,P009,5
2025-12-15,P009,6
2025-12-16,P009,7
2025-12-17,P009,6
2025-12-18,P009,7
2025-12-19,P009,6
2025-12-20,P009,6
2025-12-21,P009,4
2025-12-22,P009,7
2025-12-23,P009,6
2025-12-24,P009,6
2025-12-25,P009,6
2025-12-26,P009,7
2025-12-27,P009,6
2025-12-28,P009,3
2025-12-29,P009,7
2025-12-30,P009,7
2025-12-31,P009,6
2025-01-01,P010,6
2025-01-02,P010,9
2025-01-03,P010,8
2025-01-04,P010,5
2025-01-05,P010,6
2025-01-06,P010,7
2025-01-07,P010,7
2025-01-08,P010,7
2025-01-09,P010,7
2025-01-10,P010,9
2025-01-11,P010,7
2025-01-12,P010,5
2025-01-13,P010,8
2025-01-14,P010,9
2025-01-15,P010,7
2025-01-16,P010,7
2025-01-17,P010,9
2025-01-18,P010,7
2025-01-19,P010,5
2025-01-20,P010,7
2025-01-21,P010,8
2025-01-22,P010,7
2025-01-23,P010,7
2025-01-24,P010,9
2025-01-25,P010,8
2025-01-26,P010,5
2025-01-27,P010,7
2025-01-28,P010,6
2025-01-29,P010,7
2025-01-30,P010,9
2025-01-31,P010,9
2025-02-01,P010,6
2025-02-02,P010,5
2025-02-03,P010,7
2025-02-04,P010,8
2025-02-05,P010,8
2025-02-06,P010,7
2025-02-07,P010,10
2025-02-08,P010,7
2025-02-09,P010,6
2025-02-10,P010,6
2025-02-11,P010,6
2025-02-12,P010,7
2025-02-13,P010,8
2025-02-14,P010,10
2025-02-15,P010,7
2025-02-16,P010,5
2025-02-17,P010,7
2025-02-18,P010,8
2025-02-19,P010,7
2025-02-20,P010,9
2025-02-21,P010,8
2025-02-22,P010,7
2025-02-23,P010,6
2025-02-24,P010,7
2025-02-25,P010,7
2025-02-26,P010,7
2025-02-27,P010,8
2025-02-28,P010,9
2025-03-01,P010,6
2025-03-02,P010,5
2025-03-03,P010,8
2025-03-04,P010,6
2025-03-05,P010,8
2025-03-06,P010,7
2025-03-07,P010,8
2025-03-08,P010,6
2025-03-09,P010,5
2025-03-10,P010,7
2025-03-11,P010,7
2025-03-12,P010,9
2025-03-13,P010,8
2025-03-14,P010,9
2025-03-15,P010,7
2025-03-16,P010,6
2025-03-17,P010,8
2025-03-18,P010,7
2025-03-19,P010,9
2025-03-20,P010,10
2025-03-21,P010,8
2025-03-22,P010,6
2025-03-23,P010,5
2025-03-24,P010,7
2025-03-25,P010,8
2025-03-26,P010,7
2025-03-27,P010,10
2025-03-28,P010,10
2025-03-29,P010,7
2025-03-30,P010,6
2025-03-31,P010,9
2025-04-01,P010,8
2025-04-02,P010,8
2025-04-03,P010,9
2025-04-04,P010,11
2025-04-05,P010,7
2025-04-06,P010,5
2025-04-07,P010,8
2025-04-08,P010,8
2025-04-09,P010,8
2025-04-10,P010,11
2025-04-11,P010,8
2025-04-12,P010,8
2025-04-13,P010,7
2025-04-14,P010,10
2025-04-15,P010,8
2025-04-16,P010,9
2025-04-17,P010,9
2025-04-18,P010,10
2025-04-19,P010,7
2025-04-20,P010,6
2025-04-21,P010,6
2025-04-22,P010,9
2025-04-23,P010,9
2025-04-24,P010,9
2025-04-25,P010,12
2025-04-26,P010,7
2025-04-27,P010,6
2025-04-28,P010,10
2025-04-29,P010,8
2025-04-30,P010,8
2025-05-01,P010,9
2025-05-02,P010,11
2025-05-03,P010,7
2025-05-04,P010,5
2025-05-05,P010,8
2025-05-06,P010,8
2025-05-07,P010,8
2025-05-08,P010,9
2025-05-09,P010,10
2025-05-10,P010,6
2025-05-11,P010,7
2025-05-12,P010,9
2025-05-13,P010,10
2025-05-14,P010,9
2025-05-15,P010,10
2025-05-16,P010,10
2025-05-17,P010,8
2025-05-18,P010,6
2025-05-19,P010,9
2025-05-20,P010,11
2025-05-21,P010,9
2025-05-22,P010,10
2025-05-23,P010,9
2025-05-24,P010,6
2025-05-25,P010,6
2025-05-26,P010,9
2025-05-27,P010,8
2025-05-28,P010,9
2025-05-29,P010,11
2025-05-30,P010,11
2025-05-31,P010,7
2025-06-01,P010,6
2025-06-02,P010,8
2025-06-03,P010,9
2025-06-04,P010,9
2025-06-05,P010,9
2025-06-06,P010,9
2025-06-07,P010,8
2025-06-08,P010,6
2025-06-09,P010,6
2025-06-10,P010,11
2025-06-11,P010,10
2025-06-12,P010,9
2025-06-13,P010,11
2025-06-14,P010,7
2025-06-15,P010,8
2025-06-16,P010,11
2025-06-17,P010,9
2025-06-18,P010,10
2025-06-19,P010,10
2025-06-20,P010,9
2025-06-21,P010,7
2025-06-22,P010,7
2025-06-23,P010,9
2025-06-24,P010,9
2025-06-25,P010,9
2025-06-26,P010,10
2025-06-27,P010,11
2025-06-28,P010,7
2025-06-29,P010,6
2025-06-30,P010,8
2025-07-01,P010,10
2025-07-02,P010,7
2025-07-03,P010,10
2025-07-04,P010,12
2025-07-05,P010,7
2025-07-06,P010,5
2025-07-07,P010,9
2025-07-08,P010,9
2025-07-09,P010,8
2025-07-10,P010,9
2025-07-11,P010,12
2025-07-12,P010,8
2025-07-13,P010,6
2025-07-14,P010,7
2025-07-15,P010,9
2025-07-16,P010,9
2025-07-17,P010,10
2025-07-18,P010,10
2025-07-19,P010,8
2025-07-20,P010,7
2025-07-21,P010,10
2025-07-22,P010,9
2025-07-23,P010,9
2025-07-24,P010,9
2025-07-25,P010,11
2025-07-26,P010,7
2025-07-27,P010,6
2025-07-28,P010,9
2025-07-29,P010,8
2025-07-30,P010,8
2025-07-31,P010,10
2025-08-01,P010,10
2025-08-02,P010,8
2025-08-03,P010,6
2025-08-04,P010,10
2025-08-05,P010,8
2025-08-06,P010,10
2025-08-07,P010,7
2025-08-08,P010,10
2025-08-09,P010,8
2025-08-10,P010,5
2025-08-11,P010,9
2025-08-12,P010,10
2025-08-13,P010,7
2025-08-14,P010,9
2025-08-15,P010,7
2025-08-16,P010,7
2025-08-17,P010,7
2025-08-18,P010,8
2025-08-19,P010,8
2025-08-20,P010,8
2025-08-21,P010,11
2025-08-22,P010,8
2025-08-23,P010,7
2025-08-24,P010,7
2025-08-25,P010,10
2025-08-26,P010,9
2025-08-27,P010,8
2025-08-28,P010,11
2025-08-29,P010,11
2025-08-30,P010,8
2025-08-31,P010,6
2025-09-01,P010,9
2025-09-02,P010,9
2025-09-03,P010,10
2025-09-04,P010,11
2025-09-05,P010,12
2025-09-06,P010,7
2025-09-07,P010,8
2025-09-08,P010,10
2025-09-09,P010,10
2025-09-10,P010,11
2025-09-11,P010,9
2025-09-12,P010,11
2025-09-13,P010,8
2025-09-14,P010,6
2025-09-15,P010,10
2025-09-16,P010,12
2025-09-17,P010,8
2025-09-18,P010,10
2025-09-19,P010,12
2025-09-20,P010,8
2025-09-21,P010,7
2025-09-22,P010,8
2025-09-23,P010,10
2025-09-24,P010,9
2025-09-25,P010,8
2025-09-26,P010,12
2025-09-27,P010,9
2025-09-28,P010,7
2025-09-29,P010,10
2025-09-30,P010,11
2025-10-01,P010,10
2025-10-02,P010,12
2025-10-03,P010,11
2025-10-04,P010,10
2025-10-05,P010,7
2025-10-06,P010,10
2025-10-07,P010,9
2025-10-08,P010,10
2025-10-09,P010,10
2025-10-10,P010,11
2025-10-11,P010,8
2025-10-12,P010,6
2025-10-13,P010,12
2025-10-14,P010,12
2025-10-15,P010,12
2025-10-16,P010,9
2025-10-17,P010,12
2025-10-18,P010,8
2025-10-19,P010,7
2025-10-20,P010,9
2025-10-21,P010,11
2025-10-22,P010,10
2025-10-23,P010,12
2025-10-24,P010,12
2025-10-25,P010,11
2025-10-26,P010,6
2025-10-27,P010,12
2025-10-28,P010,11
2025-10-29,P010,9
2025-10-30,P010,12
2025-10-31,P010,12
2025-11-01,P010,10
2025-11-02,P010,7
2025-11-03,P010,11
2025-11-04,P010,14
2025-11-05,P010,12
2025-11-06,P010,13
2025-11-07,P010,12
2025-11-08,P010,9
2025-11-09,P010,9
2025-11-10,P010,10
2025-11-11,P010,11
2025-11-12,P010,12
2025-11-13,P010,12
2025-11-14,P010,13
2025-11-15,P010,10
2025-11-16,P010,9
2025-11-17,P010,13
2025-11-18,P010,11
2025-11-19,P010,11
2025-11-20,P010,14
2025-11-21,P010,15
2025-11-22,P010,9
2025-11-23,P010,9
2025-11-24,P010,9
2025-11-25,P010,12
2025-11-26,P010,14
2025-11-27,P010,11
2025-11-28,P010,12
2025-11-29,P010,11
2025-11-30,P010,7
2025-12-01,P010,12
2025-12-02,P010,14
2025-12-03,P010,12
2025-12-04,P010,13
2025-12-05,P010,16
2025-12-06,P010,11
2025-12-07,P010,9
2025-12-08,P010,12
2025-12-09,P010,13
2025-12-10,P010,13
2025-12-11,P010,14
2025-12-12,P010,14
2025-12-13,P010,11
2025-12-14,P010,8
2025-12-15,P010,13
2025-12-16,P010,12
2025-12-17,P010,11
2025-12-18,P010,14
2025-12-19,P010,15
2025-12-20,P010,12
2025-12-21,P010,9
2025-12-22,P010,13
2025-12-23,P010,14
2025-12-24,P010,13
2025-12-25,P010,12
2025-12-26,P010,15
2025-12-27,P010,11
2025-12-28,P010,9
2025-12-29,P010,10
2025-12-30,P010,13
2025-12-31,P010,16
