date,product_id,starting_stock,forecast_demand,fulfilled_demand,stockout_qty,ending_stock,improved_reorder_qty
2026-01-01,P001,91,7,7,0,84,79
2026-01-02,P001,84,7,7,0,77,79
2026-01-03,P001,77,6,6,0,71,79
2026-01-04,P001,71,5,5,0,66,79
2026-01-05,P001,66,7,7,0,59,79
2026-01-06,P001,59,7,7,0,52,79
2026-01-07,P001,52,8,8,0,44,79
2026-01-08,P001,44,7,7,0,37,79
2026-01-09,P001,37,7,7,0,30,79
2026-01-10,P001,30,6,6,0,24,79
2026-01-11,P001,24,5,5,0,19,79
2026-01-12,P001,19,6,6,0,13,79
2026-01-13,P001,13,6,6,0,7,79
2026-01-14,P001,7,7,7,0,0,79
2026-01-01,P002,265,18,18,0,247,257
2026-01-02,P002,247,23,23,0,224,257
2026-01-03,P002,224,18,18,0,206,257
2026-01-04,P002,206,15,15,0,191,257
2026-01-05,P002,191,19,19,0,172,257
2026-01-06,P002,172,21,21,0,151,257
2026-01-07,P002,151,20,20,0,131,257
2026-01-08,P002,131,18,18,0,113,257
2026-01-09,P002,113,21,21,0,92,257
2026-01-10,P002,92,18,18,0,74,257
2026-01-11,P002,74,16,16,0,58,257
2026-01-12,P002,58,18,18,0,40,257
2026-01-13,P002,40,20,20,0,20,257
2026-01-14,P002,20,20,20,0,0,257
2026-01-01,P003,158,13,13,0,145,143
2026-01-02,P003,145,13,13,0,132,143
2026-01-03,P003,132,11,11,0,121,143
2026-01-04,P003,121,7,7,0,114,143
2026-01-05,P003,114,13,13,0,101,143
2026-01-06,P003,101,11,11,0,90,143
2026-01-07,P003,90,12,12,0,78,143
2026-01-08,P003,78,12,12,0,66,143
2026-01-09,P003,66,12,12,0,54,143
2026-01-10,P003,54,11,11,0,43,143
2026-01-11,P003,43,8,8,0,35,143
2026-01-12,P003,35,12,12,0,23,143
2026-01-13,P003,23,11,11,0,12,143
2026-01-14,P003,12,12,12,0,0,143
2026-01-01,P004,62,5,5,0,57,58
2026-01-02,P004,57,5,5,0,52,58
2026-01-03,P004,52,4,4,0,48,58
2026-01-04,P004,48,4,4,0,44,58
2026-01-05,P004,44,5,5,0,39,58
2026-01-06,P004,39,4,4,0,35,58
2026-01-07,P004,35,5,5,0,30,58
2026-01-08,P004,30,5,5,0,25,58
2026-01-09,P004,25,5,5,0,20,58
2026-01-10,P004,20,4,4,0,16,58
2026-01-11,P004,16,4,4,0,12,58
2026-01-12,P004,12,4,4,0,8,58
2026-01-13,P004,8,4,4,0,4,58
2026-01-14,P004,4,4,4,0,0,58
2026-01-01,P005,128,10,10,0,118,108
2026-01-02,P005,118,10,10,0,108,108
2026-01-03,P005,108,9,9,0,99,108
2026-01-04,P005,99,7,7,0,92,108
2026-01-05,P005,92,10,10,0,82,108
2026-01-06,P005,82,10,10,0,72,108
2026-01-07,P005,72,9,9,0,63,108
2026-01-08,P005,63,9,9,0,54,108
2026-01-09,P005,54,10,10,0,44,108
2026-01-10,P005,44,9,9,0,35,108
2026-01-11,P005,35,8,8,0,27,108
2026-01-12,P005,27,9,9,0,18,108
2026-01-13,P005,18,9,9,0,9,108
2026-01-14,P005,9,9,9,0,0,108
2026-01-01,P006,99,7,7,0,92,96
2026-01-02,P006,92,8,8,0,84,96
2026-01-03,P006,84,6,6,0,78,96
2026-01-04,P006,78,6,6,0,72,96
2026-01-05,P006,72,8,8,0,64,96
2026-01-06,P006,64,8,8,0,56,96
2026-01-07,P006,56,8,8,0,48,96
2026-01-08,P006,48,7,7,0,41,96
2026-01-09,P006,41,8,8,0,33,96
2026-01-10,P006,33,6,6,0,27,96
2026-01-11,P006,27,6,6,0,21,96
2026-01-12,P006,21,7,7,0,14,96
2026-01-13,P006,14,7,7,0,7,96
2026-01-14,P006,7,7,7,0,0,96
2026-01-01,P007,37,3,3,0,34,30
2026-01-02,P007,34,3,3,0,31,30
2026-01-03,P007,31,2,2,0,29,30
2026-01-04,P007,29,2,2,0,27,30
2026-01-05,P007,27,3,3,0,24,30
2026-01-06,P007,24,3,3,0,21,30
2026-01-07,P007,21,3,3,0,18,30
2026-01-08,P007,18,3,3,0,15,30
2026-01-09,P007,15,3,3,0,12,30
2026-01-10,P007,12,2,2,0,10,30
2026-01-11,P007,10,2,2,0,8,30
2026-01-12,P007,8,2,2,0,6,30
2026-01-13,P007,6,3,3,0,3,30
2026-01-14,P007,3,3,3,0,0,30
2026-01-01,P008,201,15,15,0,186,176
2026-01-02,P008,186,16,16,0,170,176
2026-01-03,P008,170,13,13,0,157,176
2026-01-04,P008,157,11,11,0,146,176
2026-01-05,P008,146,14,14,0,132,176
2026-01-06,P008,132,16,16,0,116,176
2026-01-07,P008,116,16,16,0,100,176
2026-01-08,P008,100,15,15,0,85,176
2026-01-09,P008,85,16,16,0,69,176
2026-01-10,P008,69,14,14,0,55,176
2026-01-11,P008,55,11,11,0,44,176
2026-01-12,P008,44,14,14,0,30,176
2026-01-13,P008,30,15,15,0,15,176
2026-01-14,P008,15,15,15,0,0,176
2026-01-01,P009,82,6,6,0,76,64
2026-01-02,P009,76,7,7,0,69,64
2026-01-03,P009,69,6,6,0,63,64
2026-01-04,P009,63,4,4,0,59,64
2026-01-05,P009,59,6,6,0,53,64
2026-01-06,P009,53,7,7,0,46,64
2026-01-07,P009,46,6,6,0,40,64
2026-01-08,P009,40,6,6,0,34,64
2026-01-09,P009,34,6,6,0,28,64
2026-01-10,P009,28,6,6,0,22,64
2026-01-11,P009,22,4,4,0,18,64
2026-01-12,P009,18,6,6,0,12,64
2026-01-13,P009,12,6,6,0,6,64
2026-01-14,P009,6,6,6,0,0,64
2026-01-01,P010,163,12,12,0,151,157
2026-01-02,P010,151,14,14,0,137,157
2026-01-03,P010,137,11,11,0,126,157
2026-01-04,P010,126,9,9,0,117,157
2026-01-05,P010,117,10,10,0,107,157
2026-01-06,P010,107,12,12,0,95,157
2026-01-07,P010,95,15,15,0,80,157
2026-01-08,P010,80,12,12,0,68,157
2026-01-09,P010,68,13,13,0,55,157
2026-01-10,P010,55,11,11,0,44,157
2026-01-11,P010,44,10,10,0,34,157
2026-01-12,P010,34,10,10,0,24,157
2026-01-13,P010,24,11,11,0,13,157
2026-01-14,P010,13,13,13,0,0,157
