product_id,current_stock,reorder_point,max_stock,avg_daily_forecast,days_of_supply,inventory_risk,needs_reorder,forecast_based_reorder_qty,replenishment_priority
P002,8,10,40,18.99,0.42,High Risk,True,32,Critical
P006,3,5,15,7.13,0.42,High Risk,True,12,Critical
P010,6,8,30,11.74,0.51,High Risk,True,24,Critical
P004,4,5,20,4.33,0.92,High Risk,True,16,Critical
P003,15,8,35,11.28,1.33,High Risk,True,20,High
P008,25,8,40,14.26,1.75,High Risk,True,15,High
P001,12,5,30,6.49,1.85,High Risk,True,18,High
P005,20,6,30,9.21,2.17,Medium Risk,True,10,Medium
P007,7,4,12,2.68,2.61,Medium Risk,True,5,Medium
P009,18,5,25,5.78,3.11,Medium Risk,True,7,Medium
